브랜드,isAnchor,fit,소재,정규화실루엣,성별,product,size,총장,허리단면,엉덩이단면,허벅지단면,밑위,밑단단면,비고
무신사스탠다드,true,세미와이드,slacks,wide,남성,세미 와이드 히든 밴딩 슬랙스,26,102,35,44.5,29.3,26,20,
무신사스탠다드,true,세미와이드,slacks,wide,남성,세미 와이드 히든 밴딩 슬랙스,27,102,36.3,45.75,29.9,26,20.3,
무신사스탠다드,true,세미와이드,slacks,wide,남성,세미 와이드 히든 밴딩 슬랙스,28,103,37.5,47,30.5,26.5,20.5,
무신사스탠다드,true,세미와이드,slacks,wide,남성,세미 와이드 히든 밴딩 슬랙스,29,103,38.8,48.25,31.1,26.5,20.8,
무신사스탠다드,true,세미와이드,slacks,wide,남성,세미 와이드 히든 밴딩 슬랙스,30,104,40,49.5,31.8,27,21,
무신사스탠다드,true,세미와이드,slacks,wide,남성,세미 와이드 히든 밴딩 슬랙스,31,104,41.3,50.75,32.4,27,21.3,
무신사스탠다드,true,세미와이드,slacks,wide,남성,세미 와이드 히든 밴딩 슬랙스,32,104,42.5,52,33,27.5,21.5,
무신사스탠다드,true,세미와이드,slacks,wide,남성,세미 와이드 히든 밴딩 슬랙스,33,104,43.8,53.25,33.6,28,21.8,
무신사스탠다드,true,세미와이드,slacks,wide,남성,세미 와이드 히든 밴딩 슬랙스,34,105,45,54.5,34.3,28.5,22,
무신사스탠다드,true,세미와이드,slacks,wide,남성,세미 와이드 히든 밴딩 슬랙스,36,105,47.5,57,35.5,29.5,22.5,
무신사스탠다드,true,세미와이드,slacks,wide,남성,세미 와이드 히든 밴딩 슬랙스,38,106,50,59.5,36.8,30.5,23,
무신사스탠다드,true,세미와이드,slacks,wide,남성,세미 와이드 히든 밴딩 슬랙스,40,106,52.5,62,38,31.5,23.5,
무신사스탠다드,true,세미와이드,slacks,wide,남성,세미 와이드 히든 밴딩 슬랙스,42,107,55,64.5,39.3,32.5,24,
무신사스탠다드,true,리얼와이드,slacks,wide,남성,리얼 와이드 히든 밴딩 슬랙스,26,103,35,51.5,33,28,25.5,
무신사스탠다드,true,리얼와이드,slacks,wide,남성,리얼 와이드 히든 밴딩 슬랙스,27,103,36.3,52.75,33.6,28,25.8,
무신사스탠다드,true,리얼와이드,slacks,wide,남성,리얼 와이드 히든 밴딩 슬랙스,28,104,37.5,54,34.3,28.5,26,
무신사스탠다드,true,리얼와이드,slacks,wide,남성,리얼 와이드 히든 밴딩 슬랙스,29,104,38.8,55.25,34.9,28.5,26.3,
무신사스탠다드,true,리얼와이드,slacks,wide,남성,리얼 와이드 히든 밴딩 슬랙스,30,105,40,56.5,35.5,29,26.5,
무신사스탠다드,true,리얼와이드,slacks,wide,남성,리얼 와이드 히든 밴딩 슬랙스,31,105,41.3,57.75,36.1,29,26.8,
무신사스탠다드,true,리얼와이드,slacks,wide,남성,리얼 와이드 히든 밴딩 슬랙스,32,105,42.5,59,36.8,29.5,27,
무신사스탠다드,true,리얼와이드,slacks,wide,남성,리얼 와이드 히든 밴딩 슬랙스,33,105,43.8,60.25,37.4,30,27.3,
무신사스탠다드,true,리얼와이드,slacks,wide,남성,리얼 와이드 히든 밴딩 슬랙스,34,106,45,61.5,38,30.5,27.5,
무신사스탠다드,true,리얼와이드,slacks,wide,남성,리얼 와이드 히든 밴딩 슬랙스,36,106,47.5,64,39.3,31.5,28,
무신사스탠다드,true,리얼와이드,slacks,wide,남성,리얼 와이드 히든 밴딩 슬랙스,38,107,50,66.5,40.5,32.5,28.5,
무신사스탠다드,true,리얼와이드,slacks,wide,남성,리얼 와이드 히든 밴딩 슬랙스,40,107,52.5,69,41.8,33.5,29,
무신사스탠다드,true,리얼와이드,slacks,wide,남성,리얼 와이드 히든 밴딩 슬랙스,42,108,55,71.5,43,34.5,29.5,
무신사스탠다드,true,와이드,slacks,wide,남성,와이드 히든 밴딩 슬랙스,26,103,35,48,30.8,27,22.5,
무신사스탠다드,true,와이드,slacks,wide,남성,와이드 히든 밴딩 슬랙스,27,103,36.3,49.25,31.4,27,22.8,
무신사스탠다드,true,와이드,slacks,wide,남성,와이드 히든 밴딩 슬랙스,28,104,37.5,50.5,32,27.5,23,
무신사스탠다드,true,와이드,slacks,wide,남성,와이드 히든 밴딩 슬랙스,29,104,38.8,51.75,32.6,27.5,23.3,
무신사스탠다드,true,와이드,slacks,wide,남성,와이드 히든 밴딩 슬랙스,30,105,40,53,33.3,28,23.5,
무신사스탠다드,true,와이드,slacks,wide,남성,와이드 히든 밴딩 슬랙스,31,105,41.3,54.25,33.9,28,23.8,
무신사스탠다드,true,와이드,slacks,wide,남성,와이드 히든 밴딩 슬랙스,32,105,42.5,55.5,34.5,28.5,24,
무신사스탠다드,true,와이드,slacks,wide,남성,와이드 히든 밴딩 슬랙스,33,105,43.8,56.75,35.1,29,24.3,
무신사스탠다드,true,와이드,slacks,wide,남성,와이드 히든 밴딩 슬랙스,34,106,45,58,35.8,29.5,24.5,
무신사스탠다드,true,와이드,slacks,wide,남성,와이드 히든 밴딩 슬랙스,36,106,47.5,60.5,37,30.5,25,
무신사스탠다드,true,와이드,slacks,wide,남성,와이드 히든 밴딩 슬랙스,38,107,50,63,38.3,31.5,25.5,
무신사스탠다드,true,와이드,slacks,wide,남성,와이드 히든 밴딩 슬랙스,40,107,52.5,65.5,39.5,32.5,26,
무신사스탠다드,true,와이드,slacks,wide,남성,와이드 히든 밴딩 슬랙스,42,108,55,68,40.8,33.5,26.5,
무신사스탠다드,true,스트레이트,slacks,straight,남성,스트레이트 히든 밴딩 슬랙스,26,99,35,44.5,27.8,26.5,19.5,
무신사스탠다드,true,스트레이트,slacks,straight,남성,스트레이트 히든 밴딩 슬랙스,27,99,36.3,45.75,28.3,26.5,19.8,
무신사스탠다드,true,스트레이트,slacks,straight,남성,스트레이트 히든 밴딩 슬랙스,28,100,37.5,47,29,27,20,
무신사스탠다드,true,스트레이트,slacks,straight,남성,스트레이트 히든 밴딩 슬랙스,29,100,38.8,48.25,29.6,27,20.2,
무신사스탠다드,true,스트레이트,slacks,straight,남성,스트레이트 히든 밴딩 슬랙스,30,101,40,49.5,30.3,27.5,20.5,
무신사스탠다드,true,스트레이트,slacks,straight,남성,스트레이트 히든 밴딩 슬랙스,31,101,41.3,50.75,30.8,27.5,20.8,
무신사스탠다드,true,스트레이트,slacks,straight,남성,스트레이트 히든 밴딩 슬랙스,32,101,42.5,52,31.5,28,21,
무신사스탠다드,true,스트레이트,slacks,straight,남성,스트레이트 히든 밴딩 슬랙스,33,101,43.8,53.25,32.1,28.5,21.3,
무신사스탠다드,true,스트레이트,slacks,straight,남성,스트레이트 히든 밴딩 슬랙스,34,102,45,54.5,32.8,29,21.5,
무신사스탠다드,true,스트레이트,slacks,straight,남성,스트레이트 히든 밴딩 슬랙스,36,102,47.5,57,34,29.5,22,
무신사스탠다드,true,스트레이트,slacks,straight,남성,스트레이트 히든 밴딩 슬랙스,38,103,50,59.5,35.3,31,22.5,
무신사스탠다드,true,스트레이트,slacks,straight,남성,스트레이트 히든 밴딩 슬랙스,40,103,52.5,62,36.5,32,23,
무신사스탠다드,true,스트레이트,slacks,straight,남성,스트레이트 히든 밴딩 슬랙스,42,104,55,64.5,37.8,33,23.5,
무신사스탠다드,true,레귤러,other,straight,남성,레플리카 퍼티그 팬츠,26,105,35,47.5,29.8,27.5,21.5,
무신사스탠다드,true,레귤러,other,straight,남성,레플리카 퍼티그 팬츠,27,105,36.3,48.75,30.4,27.5,21.8,
무신사스탠다드,true,레귤러,other,straight,남성,레플리카 퍼티그 팬츠,28,106,37.5,50,31,28,22,
무신사스탠다드,true,레귤러,other,straight,남성,레플리카 퍼티그 팬츠,29,106,38.8,51.25,31.6,28,22.3,
무신사스탠다드,true,레귤러,other,straight,남성,레플리카 퍼티그 팬츠,30,107,40,52.5,32.3,28.5,22.5,
무신사스탠다드,true,레귤러,other,straight,남성,레플리카 퍼티그 팬츠,31,107,41.3,53.75,32.9,28.5,22.8,
무신사스탠다드,true,레귤러,other,straight,남성,레플리카 퍼티그 팬츠,32,107,42.5,55,33.5,29,23,
무신사스탠다드,true,레귤러,other,straight,남성,레플리카 퍼티그 팬츠,33,107,43.8,56.25,34.1,29.5,23.3,
무신사스탠다드,true,레귤러,other,straight,남성,레플리카 퍼티그 팬츠,34,108,45,57.5,34.8,30,23.5,
무신사스탠다드,true,레귤러,other,straight,남성,레플리카 퍼티그 팬츠,36,108,47.5,60,36,31,24,
무신사스탠다드,true,레귤러,other,straight,남성,레플리카 퍼티그 팬츠,38,109,50,62.5,37.3,32,24.5,
무신사스탠다드,true,레귤러,other,straight,남성,레플리카 퍼티그 팬츠,40,109,52.5,65,38.5,33,25,
무신사스탠다드,true,레귤러,other,straight,남성,레플리카 퍼티그 팬츠,42,110,55,67.5,39.8,34,25.5,
무신사스탠다드,true,와이드,denim,wide,남성,커브드 데님 팬츠,27,107.5,36.75,46.75,33.25,29.5,24.75,
무신사스탠다드,true,와이드,denim,wide,남성,커브드 데님 팬츠,28,108,38,48,33.9,30,25,
무신사스탠다드,true,와이드,denim,wide,남성,커브드 데님 팬츠,29,108.5,39.25,49.25,34.55,30.5,25.25,
무신사스탠다드,true,와이드,denim,wide,남성,커브드 데님 팬츠,30,109,40.5,50.5,35.2,31,25.5,
무신사스탠다드,true,와이드,denim,wide,남성,커브드 데님 팬츠,31,109.5,41.75,51.75,35.85,31.5,25.75,
무신사스탠다드,true,와이드,denim,wide,남성,커브드 데님 팬츠,32,110,43,53,36.5,32,26,
무신사스탠다드,true,와이드,denim,wide,남성,커브드 데님 팬츠,33,110.5,44.25,54.25,37.15,32.5,26.25,
무신사스탠다드,true,와이드,denim,wide,남성,커브드 데님 팬츠,34,111,45.5,55.5,37.8,33,26.5,
무신사스탠다드,true,와이드,denim,wide,남성,커브드 데님 팬츠,36,112,48,58,39.1,34,27,
무신사스탠다드,true,와이드,denim,wide,남성,커브드 데님 팬츠,38,113,50.5,60.5,40.4,35,27.5,
무신사스탠다드,true,와이드,denim,wide,남성,커브드 데님 팬츠,40,114,53,63,41.7,35.5,28,
무신사스탠다드,true,와이드,denim,wide,남성,커브드 데님 팬츠,42,114,55.5,65.5,43,35.5,28.5,
무신사스탠다드,true,와이드,denim,wide,남성,와이드 데님 팬츠,26,105,35.5,47.5,31.3,30,24.5,
무신사스탠다드,true,와이드,denim,wide,남성,와이드 데님 팬츠,27,105,36.75,48.8,31.9,30,24.75,
무신사스탠다드,true,와이드,denim,wide,남성,와이드 데님 팬츠,28,106,38,50,32.5,30.5,25,
무신사스탠다드,true,와이드,denim,wide,남성,와이드 데님 팬츠,29,106,39.25,51.3,33.1,30.5,25.25,
무신사스탠다드,true,와이드,denim,wide,남성,와이드 데님 팬츠,30,107,40.5,52.5,33.8,31,25.5,
무신사스탠다드,true,와이드,denim,wide,남성,와이드 데님 팬츠,31,107,41.75,53.8,34.4,31,25.75,
무신사스탠다드,true,와이드,denim,wide,남성,와이드 데님 팬츠,32,107,43,55,35,31.5,26,
무신사스탠다드,true,와이드,denim,wide,남성,와이드 데님 팬츠,33,107,44.25,56.3,35.6,32,26.25,
무신사스탠다드,true,와이드,denim,wide,남성,와이드 데님 팬츠,34,108,45.5,57.5,36.3,32.5,26.5,
무신사스탠다드,true,와이드,denim,wide,남성,와이드 데님 팬츠,36,108,48,60,37.5,33.5,27,
무신사스탠다드,true,와이드,denim,wide,남성,와이드 데님 팬츠,38,109,50.5,62.5,38.8,34.5,27.5,
무신사스탠다드,true,와이드,denim,wide,남성,와이드 데님 팬츠,40,109,53,65,40,35.5,28,
무신사스탠다드,true,와이드,denim,wide,남성,와이드 데님 팬츠,42,110,55.5,67.5,41.3,36.5,28.5,
무신사스탠다드,true,스트레이트,denim,straight,남성,스트레이트 데님 팬츠,26,101,35,44.5,27.3,27,19.9,
무신사스탠다드,true,스트레이트,denim,straight,남성,스트레이트 데님 팬츠,27,101,36.25,45.75,27.9,27,20.25,
무신사스탠다드,true,스트레이트,denim,straight,남성,스트레이트 데님 팬츠,28,102,37.5,47,28.5,27.5,20.6,
무신사스탠다드,true,스트레이트,denim,straight,남성,스트레이트 데님 팬츠,29,102,38.75,48.25,29.1,27.5,20.95,
무신사스탠다드,true,스트레이트,denim,straight,남성,스트레이트 데님 팬츠,30,103,40,49.5,29.8,28,21.3,
무신사스탠다드,true,스트레이트,denim,straight,남성,스트레이트 데님 팬츠,31,103,41.25,50.75,30.4,28,21.65,
무신사스탠다드,true,스트레이트,denim,straight,남성,스트레이트 데님 팬츠,32,103,42.5,52,31,28.5,22,
무신사스탠다드,true,스트레이트,denim,straight,남성,스트레이트 데님 팬츠,33,103,43.75,53.25,31.6,29,22.35,
무신사스탠다드,true,스트레이트,denim,straight,남성,스트레이트 데님 팬츠,34,104,45,54.5,32.25,29.5,22.7,
무신사스탠다드,true,스트레이트,denim,straight,남성,스트레이트 데님 팬츠,36,104,47.5,57,33.5,30.5,23.4,
무신사스탠다드,true,스트레이트,denim,straight,남성,스트레이트 데님 팬츠,38,105,50,59.5,34.75,31.5,24.1,
무신사스탠다드,true,스트레이트,denim,straight,남성,스트레이트 데님 팬츠,40,105,52.5,62,36,32.5,24.8,
무신사스탠다드,true,스트레이트,denim,straight,남성,스트레이트 데님 팬츠,42,106,55,64.5,37.25,33.5,25.5,
무신사스탠다드,true,와이드,other,wide,남성,코튼 와이드 벌룬 팬츠,26,96.5,35,57.5,35.8,31,24,
무신사스탠다드,true,와이드,other,wide,남성,코튼 와이드 벌룬 팬츠,27,97.5,36.3,58.8,36.4,31.5,24.3,
무신사스탠다드,true,와이드,other,wide,남성,코튼 와이드 벌룬 팬츠,28,97.5,37.5,60,37,32,24.5,
무신사스탠다드,true,와이드,other,wide,남성,코튼 와이드 벌룬 팬츠,29,98.5,38.8,61.3,37.6,32.5,24.8,
무신사스탠다드,true,와이드,other,wide,남성,코튼 와이드 벌룬 팬츠,30,98.5,40,62.5,38.3,33,25,
무신사스탠다드,true,와이드,other,wide,남성,코튼 와이드 벌룬 팬츠,31,99.5,41.3,63.8,38.9,33.5,25.3,
무신사스탠다드,true,와이드,other,wide,남성,코튼 와이드 벌룬 팬츠,32,99.5,42.5,65,39.5,34,25.5,
무신사스탠다드,true,와이드,other,wide,남성,코튼 와이드 벌룬 팬츠,33,100.5,43.8,66.3,40.3,34.5,25.8,
무신사스탠다드,true,와이드,other,wide,남성,코튼 와이드 벌룬 팬츠,34,100.5,45,67.5,40.8,35,26,
무신사스탠다드,true,와이드,other,wide,남성,코튼 와이드 벌룬 팬츠,36,101.5,47.5,70,42,36,26.5,
무신사스탠다드,true,와이드,other,wide,남성,코튼 와이드 벌룬 팬츠,38,101.5,50,72.5,43.7,37,27,
무신사스탠다드,true,와이드,other,wide,남성,코튼 와이드 벌룬 팬츠,40,102.5,52.5,75,44.5,38,27.5,
무신사스탠다드,true,와이드,other,wide,여성,우먼즈 더블 니트 투 턱 와이드 라운지 스웨트 팬츠,XS,101,31,46.4,34.25,31.8,24.75,
무신사스탠다드,true,와이드,other,wide,여성,우먼즈 더블 니트 투 턱 와이드 라운지 스웨트 팬츠,S,102,33.5,48.9,35.5,32.5,25.75,
무신사스탠다드,true,와이드,other,wide,여성,우먼즈 더블 니트 투 턱 와이드 라운지 스웨트 팬츠,M,103,36,51.4,36.75,33.2,26.75,
무신사스탠다드,true,와이드,other,wide,여성,우먼즈 더블 니트 투 턱 와이드 라운지 스웨트 팬츠,L,104,38.5,53.9,38,33.9,27.75,
무신사스탠다드,true,와이드,other,wide,여성,우먼즈 와이드 카고 팬츠,24,102,32,48,32.5,29.5,24,
무신사스탠다드,true,와이드,other,wide,여성,우먼즈 와이드 카고 팬츠,25,102,33.25,49.3,33.1,30,24.3,
무신사스탠다드,true,와이드,other,wide,여성,우먼즈 와이드 카고 팬츠,26,103,34.5,50.5,33.75,30.5,24.5,
무신사스탠다드,true,와이드,other,wide,여성,우먼즈 와이드 카고 팬츠,27,103,35.75,51.8,34.4,31,24.8,
무신사스탠다드,true,와이드,other,wide,여성,우먼즈 와이드 카고 팬츠,28,103,37,53,35,31.5,25,
무신사스탠다드,true,와이드,other,wide,여성,우먼즈 와이드 카고 팬츠,29,104,38.25,54.3,35.6,32,25.3,
무신사스탠다드,true,와이드,other,wide,여성,우먼즈 와이드 카고 팬츠,30,104,39.5,55.5,36.25,32.5,25.5,
무신사스탠다드,true,와이드,slacks,wide,여성,우먼즈 와이드 히든 밴딩 슬랙스,24,99,33,43.75,28.75,27,25.5,
무신사스탠다드,true,와이드,slacks,wide,여성,우먼즈 와이드 히든 밴딩 슬랙스,25,99,34.25,45,29.38,27.5,25.75,
무신사스탠다드,true,와이드,slacks,wide,여성,우먼즈 와이드 히든 밴딩 슬랙스,26,100,35.5,46.25,30,28,26,
무신사스탠다드,true,와이드,slacks,wide,여성,우먼즈 와이드 히든 밴딩 슬랙스,27,100,36.75,47.5,30.63,28.5,26.25,
무신사스탠다드,true,와이드,slacks,wide,여성,우먼즈 와이드 히든 밴딩 슬랙스,28,100,38,48.75,31.25,29,26.5,
무신사스탠다드,true,와이드,slacks,wide,여성,우먼즈 와이드 히든 밴딩 슬랙스,29,101,39.25,50,31.88,29.5,26.75,
무신사스탠다드,true,와이드,slacks,wide,여성,우먼즈 와이드 히든 밴딩 슬랙스,30,101,40.5,51.25,32.5,30,27,
무신사스탠다드,true,와이드,slacks,wide,여성,우먼즈 와이드 히든 밴딩 슬랙스,31,102,41.75,52.5,33.1,30.5,27.25,
무신사스탠다드,true,와이드,slacks,wide,여성,우먼즈 와이드 히든 밴딩 슬랙스,32,102,43,53.75,33.75,31,27.5,
무신사스탠다드,true,와이드,slacks,wide,여성,우먼즈 와이드 히든 밴딩 슬랙스,34,103,45.5,56.25,35,32,28,
무신사스탠다드,true,레귤러,slacks,bootcut,여성,우먼즈 세미 부츠 컷 히든 밴딩 슬랙스,24,101,32.75,43,26.5,26,26.25,부츠컷
무신사스탠다드,true,레귤러,slacks,bootcut,여성,우먼즈 세미 부츠 컷 히든 밴딩 슬랙스,25,101,34,44.25,27.125,26.5,26.5,부츠컷
무신사스탠다드,true,레귤러,slacks,bootcut,여성,우먼즈 세미 부츠 컷 히든 밴딩 슬랙스,26,102,35.25,45.5,27.75,27,26.75,부츠컷
무신사스탠다드,true,레귤러,slacks,bootcut,여성,우먼즈 세미 부츠 컷 히든 밴딩 슬랙스,27,102,36.5,46.75,28.375,27.5,27,부츠컷
무신사스탠다드,true,레귤러,slacks,bootcut,여성,우먼즈 세미 부츠 컷 히든 밴딩 슬랙스,28,102,37.75,48,29,28,27.25,부츠컷
무신사스탠다드,true,레귤러,slacks,bootcut,여성,우먼즈 세미 부츠 컷 히든 밴딩 슬랙스,29,103,39,49.25,29.625,28.5,27.5,부츠컷
무신사스탠다드,true,레귤러,slacks,bootcut,여성,우먼즈 세미 부츠 컷 히든 밴딩 슬랙스,30,103,40.25,50.5,30.25,29,27.75,부츠컷
무신사스탠다드,true,레귤러,slacks,bootcut,여성,우먼즈 세미 부츠 컷 히든 밴딩 슬랙스,34,105,45.25,55.5,32.75,31,28.75,부츠컷
무신사스탠다드,true,레귤러,slacks,straight,여성,우먼즈 스트레이트 히든 밴딩 슬랙스,24,95.5,33,44,28.25,26,23,
무신사스탠다드,true,레귤러,slacks,straight,여성,우먼즈 스트레이트 히든 밴딩 슬랙스,25,95.5,34.25,45.25,28.875,26.5,23.25,
무신사스탠다드,true,레귤러,slacks,straight,여성,우먼즈 스트레이트 히든 밴딩 슬랙스,26,96.5,35.5,46.5,29.5,27,23.5,
무신사스탠다드,true,레귤러,slacks,straight,여성,우먼즈 스트레이트 히든 밴딩 슬랙스,27,96.5,36.75,47.75,30.125,27.5,23.75,
무신사스탠다드,true,레귤러,slacks,straight,여성,우먼즈 스트레이트 히든 밴딩 슬랙스,28,96.5,38,49,30.75,28,24,
무신사스탠다드,true,레귤러,slacks,straight,여성,우먼즈 스트레이트 히든 밴딩 슬랙스,29,97.5,39.25,50.25,31.375,28.5,24.25,
무신사스탠다드,true,레귤러,slacks,straight,여성,우먼즈 스트레이트 히든 밴딩 슬랙스,30,97.5,40.5,51.5,32,29,24.5,
무신사스탠다드,true,레귤러,slacks,straight,여성,우먼즈 스트레이트 히든 밴딩 슬랙스,31,98.5,41.75,52.75,32.625,29.5,24.75,
무신사스탠다드,true,레귤러,slacks,straight,여성,우먼즈 스트레이트 히든 밴딩 슬랙스,32,98.5,43,54,33.25,30,25,
무신사스탠다드,true,레귤러,slacks,straight,여성,우먼즈 스트레이트 히든 밴딩 슬랙스,34,99.5,45.5,56.5,34.5,31,25.5,
무신사스탠다드,true,와이드,other,wide,여성,우먼즈 코튼 커브드 팬츠,24,103,35.5,46.5,30.95,28.5,27,
무신사스탠다드,true,와이드,other,wide,여성,우먼즈 코튼 커브드 팬츠,25,103.5,36.75,47.75,31.6,29,27.25,
무신사스탠다드,true,와이드,other,wide,여성,우먼즈 코튼 커브드 팬츠,26,104,38,49,32.25,29.5,27.5,
무신사스탠다드,true,와이드,other,wide,여성,우먼즈 코튼 커브드 팬츠,27,104.5,39.25,50.25,32.9,30,27.75,
무신사스탠다드,true,와이드,other,wide,여성,우먼즈 코튼 커브드 팬츠,28,105,40.5,51.5,33.55,30.5,28,
무신사스탠다드,true,와이드,other,wide,여성,우먼즈 코튼 커브드 팬츠,29,105.5,41.75,52.75,34.2,31,28.25,
무신사스탠다드,true,와이드,other,wide,여성,우먼즈 코튼 커브드 팬츠,30,106,43,54,34.85,31.5,28.5,
무신사스탠다드,true,슬림,slacks,slim,여성,우먼즈 슬림 스트레이트 히든 밴딩 슬랙스,24,91,33.5,43,27.75,25,17,
무신사스탠다드,true,슬림,slacks,slim,여성,우먼즈 슬림 스트레이트 히든 밴딩 슬랙스,25,91,34.75,44.25,28.38,25.5,17.25,
무신사스탠다드,true,슬림,slacks,slim,여성,우먼즈 슬림 스트레이트 히든 밴딩 슬랙스,26,92,36,45.5,29,26,17.5,
무신사스탠다드,true,슬림,slacks,slim,여성,우먼즈 슬림 스트레이트 히든 밴딩 슬랙스,27,92,37.25,46.75,29.63,26.5,17.75,
무신사스탠다드,true,슬림,slacks,slim,여성,우먼즈 슬림 스트레이트 히든 밴딩 슬랙스,28,92,38.5,48,30.25,27,18,
무신사스탠다드,true,슬림,slacks,slim,여성,우먼즈 슬림 스트레이트 히든 밴딩 슬랙스,29,93,39.75,49.25,30.88,27.5,18.25,
무신사스탠다드,true,슬림,slacks,slim,여성,우먼즈 슬림 스트레이트 히든 밴딩 슬랙스,30,93,41,50.5,31.5,28,18.5,
무신사스탠다드,true,슬림,slacks,slim,여성,우먼즈 슬림 스트레이트 히든 밴딩 슬랙스,31,94,42.25,51.75,32.1,28.5,18.75,
무신사스탠다드,true,슬림,slacks,slim,여성,우먼즈 슬림 스트레이트 히든 밴딩 슬랙스,32,94,43.5,53,32.75,29,19,
무신사스탠다드,true,슬림,slacks,slim,여성,우먼즈 슬림 스트레이트 히든 밴딩 슬랙스,34,95,46,55.5,34,30,19.5,
무신사스탠다드,true,루즈,other,wide,여성,우먼즈 릴렉스드 라운지 스웨트 팬츠,XS,99,30,47.5,29.25,30.3,22.5,
무신사스탠다드,true,루즈,other,wide,여성,우먼즈 릴렉스드 라운지 스웨트 팬츠,S,100,32.5,50,30.5,31,23,
무신사스탠다드,true,루즈,other,wide,여성,우먼즈 릴렉스드 라운지 스웨트 팬츠,M,101,35,52.5,31.75,31.7,23.5,
무신사스탠다드,true,루즈,other,wide,여성,우먼즈 릴렉스드 라운지 스웨트 팬츠,L,102,37.5,55,33,32.4,24,
무신사스탠다드,true,와이드,denim,wide,여성,우먼즈 와이드 데님 팬츠,23,103,31.25,45.75,29.625,27.5,25.25,
무신사스탠다드,true,와이드,denim,wide,여성,우먼즈 와이드 데님 팬츠,24,104,32.5,47,30.25,28,25.5,
무신사스탠다드,true,와이드,denim,wide,여성,우먼즈 와이드 데님 팬츠,25,104,33.75,48.25,30.875,28.5,25.75,
무신사스탠다드,true,와이드,denim,wide,여성,우먼즈 와이드 데님 팬츠,26,105,35,49.5,31.5,29,26,
무신사스탠다드,true,와이드,denim,wide,여성,우먼즈 와이드 데님 팬츠,27,105,36.25,50.75,32.125,29.5,26.25,
무신사스탠다드,true,와이드,denim,wide,여성,우먼즈 와이드 데님 팬츠,28,105,37.5,52,32.75,30,26.5,
무신사스탠다드,true,와이드,denim,wide,여성,우먼즈 와이드 데님 팬츠,29,106,38.75,53.25,33.375,30.5,26.75,
무신사스탠다드,true,와이드,denim,wide,여성,우먼즈 와이드 데님 팬츠,30,106,40,54.5,34,31,27,
무신사스탠다드,true,와이드,denim,wide,여성,우먼즈 와이드 데님 팬츠,32,107,42.5,57,35.25,32,27.25,
무신사스탠다드,true,루즈,denim,wide,여성,우먼즈 스트레이트 데님 팬츠,23,102,30.25,41.75,26.63,27.5,21.25,
무신사스탠다드,true,루즈,denim,wide,여성,우먼즈 스트레이트 데님 팬츠,24,103,31.5,43,27.25,28,21.5,
무신사스탠다드,true,루즈,denim,wide,여성,우먼즈 스트레이트 데님 팬츠,25,103,32.75,44.25,27.88,28.5,21.75,
무신사스탠다드,true,루즈,denim,wide,여성,우먼즈 스트레이트 데님 팬츠,26,104,34,45.5,28.5,29,22,
무신사스탠다드,true,루즈,denim,wide,여성,우먼즈 스트레이트 데님 팬츠,27,104,35.25,46.75,29.13,29.5,22.25,
무신사스탠다드,true,루즈,denim,wide,여성,우먼즈 스트레이트 데님 팬츠,28,104,36.5,48,29.75,30,22.5,
무신사스탠다드,true,루즈,denim,wide,여성,우먼즈 스트레이트 데님 팬츠,29,105,37.75,49.25,30.38,30.5,22.75,
무신사스탠다드,true,루즈,denim,wide,여성,우먼즈 스트레이트 데님 팬츠,30,105,39,50.5,31,31,23,
무신사스탠다드,true,루즈,denim,wide,여성,우먼즈 스트레이트 데님 팬츠,32,106,41.5,54,32.75,32,23.5,
유니클로,true,슬림,other,slim,남성,감탄팬츠(라이트),73,,38,46.5,30.5,23,18.5,총장 미제공(다리길이 76/85 수선가능);허리·엉덩이=둘레÷2(76/93)
유니클로,true,슬림,other,slim,남성,감탄팬츠(라이트),76,,39.5,48,31.5,23.5,18.5,총장 미제공(다리길이 76/85);허리·엉덩이=둘레÷2(79/96)
유니클로,true,슬림,other,slim,남성,감탄팬츠(라이트),79,,41,49.5,32.5,24,19,총장 미제공(다리길이 76/85);허리·엉덩이=둘레÷2(82/99)
유니클로,true,슬림,other,slim,남성,감탄팬츠(라이트),82,,42.5,51,33.5,24.5,19.5,총장 미제공(다리길이 76/85);허리·엉덩이=둘레÷2(85/102)
유니클로,true,슬림,other,slim,남성,감탄팬츠(라이트),85,,44,52.5,34.5,25,20,총장 미제공(다리길이 76/85);허리·엉덩이=둘레÷2(88/105)
유니클로,true,슬림,other,slim,남성,감탄팬츠(라이트),88,,45.5,53.75,35.5,25,20.5,총장 미제공(다리길이 76/85);허리·엉덩이=둘레÷2(91/107.5)
유니클로,true,슬림,other,slim,남성,감탄팬츠(라이트),91,,47,55.5,36.5,25.5,20.5,총장 미제공(다리길이 76/85);허리·엉덩이=둘레÷2(94/111)
유니클로,true,슬림,other,slim,남성,감탄팬츠(라이트),95,,49,57.25,37.5,26,21,총장 미제공(다리길이 76/85);허리·엉덩이=둘레÷2(98/114.5)
유니클로,true,슬림,other,slim,남성,감탄팬츠(라이트),100,,51.5,59.25,39.5,27,21.5,총장 미제공(다리길이 76/85);허리·엉덩이=둘레÷2(103/118.5)
유니클로,true,슬림,other,slim,남성,감탄팬츠(라이트),105,,54,61,41,27.5,21.5,총장 미제공(다리길이 76/85);허리·엉덩이=둘레÷2(108/122)
유니클로,true,슬림,other,slim,남성,감탄팬츠,73,,38,46.25,30,23,18.5,총장 미제공(다리길이 76/85);허리·엉덩이=둘레÷2(76/92.5)
유니클로,true,슬림,other,slim,남성,감탄팬츠,76,,39.5,47.75,31,23.5,18.5,총장 미제공(다리길이 76/85);허리·엉덩이=둘레÷2(79/95.5)
유니클로,true,슬림,other,slim,남성,감탄팬츠,79,,41,49.25,32,24,19,총장 미제공(다리길이 76/85);허리·엉덩이=둘레÷2(82/98.5)
유니클로,true,슬림,other,slim,남성,감탄팬츠,82,,42.5,50.75,33,24.5,19.5,총장 미제공(다리길이 76/85);허리·엉덩이=둘레÷2(85/101.5)
유니클로,true,슬림,other,slim,남성,감탄팬츠,85,,44,52,34,25,20,총장 미제공(다리길이 76/85);허리·엉덩이=둘레÷2(88/104)
유니클로,true,슬림,other,slim,남성,감탄팬츠,88,,45.5,53.5,35,25,20.5,총장 미제공(다리길이 76/85);허리·엉덩이=둘레÷2(91/107)
유니클로,true,슬림,other,slim,남성,감탄팬츠,91,,47,55,36,25.5,20.5,총장 미제공(다리길이 76/85);허리·엉덩이=둘레÷2(94/110)
유니클로,true,슬림,other,slim,남성,감탄팬츠,95,,49,57,37.5,26,21,총장 미제공(다리길이 76/85);허리·엉덩이=둘레÷2(98/114)
유니클로,true,슬림,other,slim,남성,감탄팬츠,100,,51.5,59,39.5,27,21.5,총장 미제공(다리길이 76/85);허리·엉덩이=둘레÷2(103/118)
유니클로,true,슬림,other,slim,남성,감탄팬츠,105,,54,60.75,40.5,27.5,21.5,총장 미제공(다리길이 76/85);허리·엉덩이=둘레÷2(108/121.5)
유니클로,true,와이드,chino,wide,남성,와이드핏치노팬츠,73,72.5,39,51,34.5,29,22,총장 미제공(다리길이 72.5);허리·엉덩이=둘레÷2(78/102)
유니클로,true,와이드,chino,wide,남성,와이드핏치노팬츠,76,72.5,40.5,52.5,35.5,29,22.5,총장 미제공(다리길이 72.5);허리·엉덩이=둘레÷2(81/105)
유니클로,true,와이드,chino,wide,남성,와이드핏치노팬츠,79,73.5,42,54,37,29.5,23,총장 미제공(다리길이 73.5);허리·엉덩이=둘레÷2(84/108)
유니클로,true,와이드,chino,wide,남성,와이드핏치노팬츠,82,73.5,43.5,55.5,38,30,23.5,총장 미제공(다리길이 73.5);허리·엉덩이=둘레÷2(87/111)
유니클로,true,와이드,chino,wide,남성,와이드핏치노팬츠,85,74.5,45,57,39,30.5,24,총장 미제공(다리길이 74.5);허리·엉덩이=둘레÷2(90/114)
유니클로,true,와이드,chino,wide,남성,와이드핏치노팬츠,88,74.5,46.5,58.25,40,31,24.5,총장 미제공(다리길이 74.5);허리·엉덩이=둘레÷2(93/116.5)
유니클로,true,와이드,chino,wide,남성,와이드핏치노팬츠,91,74.5,48,60,41,31,24.5,총장 미제공(다리길이 74.5);허리·엉덩이=둘레÷2(96/120)
유니클로,true,와이드,chino,wide,남성,와이드핏치노팬츠,95,74.5,50,61.75,42,31.5,25,총장 미제공(다리길이 74.5);허리·엉덩이=둘레÷2(100/123.5)
유니클로,true,와이드,chino,wide,남성,와이드핏치노팬츠,100,74.5,52.5,63.75,44,32.5,25.5,총장 미제공(다리길이 74.5);허리·엉덩이=둘레÷2(105/127.5)
유니클로,true,와이드,chino,wide,남성,와이드핏치노팬츠,105,74.5,55,65.5,45.5,33,25.5,총장 미제공(다리길이 74.5);허리·엉덩이=둘레÷2(110/131)
유니클로,true,와이드,denim,wide,남성,와이드스트레이트진,28,74,38.5,49.75,33,28.5,22,허리·엉덩이=둘레÷2(77/99.5);총장=다리길이
유니클로,true,와이드,denim,wide,남성,와이드스트레이트진,29,75,39.75,51,34,28.5,22.5,허리·엉덩이=둘레÷2(79.5/102);총장=다리길이
유니클로,true,와이드,denim,wide,남성,와이드스트레이트진,30,75,41,52.25,34.5,29,22.5,허리·엉덩이=둘레÷2(82/104.5);총장=다리길이
유니클로,true,와이드,denim,wide,남성,와이드스트레이트진,31,76,42.25,53.5,35,29,23,허리·엉덩이=둘레÷2(84.5/107);총장=다리길이
유니클로,true,와이드,denim,wide,남성,와이드스트레이트진,32,76,43.5,54.75,36,29.5,23.5,허리·엉덩이=둘레÷2(87/109.5);총장=다리길이
유니클로,true,와이드,denim,wide,남성,와이드스트레이트진,33,77,44.75,56,36.5,30,24,허리·엉덩이=둘레÷2(89.5/112);총장=다리길이
유니클로,true,와이드,denim,wide,남성,와이드스트레이트진,34,77,46,57.25,37,30,24,허리·엉덩이=둘레÷2(92/114.5);총장=다리길이
유니클로,true,와이드,denim,wide,남성,와이드스트레이트진,35,77,47.25,58.5,38,30.5,24.5,허리·엉덩이=둘레÷2(94.5/117);총장=다리길이
유니클로,true,와이드,denim,wide,남성,와이드스트레이트진,36,77,48.5,59.75,38,30.5,24.5,허리·엉덩이=둘레÷2(97/119.5);총장=다리길이
유니클로,true,와이드,denim,wide,남성,와이드스트레이트진,38,77,51,61.75,39.5,31,25,허리·엉덩이=둘레÷2(102/123.5);총장=다리길이
유니클로,true,와이드,denim,wide,남성,와이드스트레이트진,40,77,53.5,64,41.5,32,25.5,허리·엉덩이=둘레÷2(107/128);총장=다리길이
유니클로,true,와이드,denim,wide,남성,와이드스트레이트진,42,77,56,66.25,43,32,25.5,허리·엉덩이=둘레÷2(112/132.5);총장=다리길이
유니클로,true,와이드,other,wide,공용,스웨트와이드팬츠,XS,66,31,49.5,32,29.5,22.5,허리·엉덩이=둘레÷2(62/99);총장=다리길이
유니클로,true,와이드,other,wide,공용,스웨트와이드팬츠,S,68,34,52.5,34,30.5,23.5,허리·엉덩이=둘레÷2(68/105);총장=다리길이
유니클로,true,와이드,other,wide,공용,스웨트와이드팬츠,M,70,37,55.5,36,31,24.5,허리·엉덩이=둘레÷2(74/111);총장=다리길이
유니클로,true,와이드,other,wide,공용,스웨트와이드팬츠,L,72,40,58.5,37.5,32,25,허리·엉덩이=둘레÷2(80/117);총장=다리길이
유니클로,true,와이드,other,wide,공용,스웨트와이드팬츠,XL,72,44,62,39.5,33,26,허리·엉덩이=둘레÷2(88/124);총장=다리길이
유니클로,true,와이드,other,wide,공용,스웨트와이드팬츠,XXL,72,47,64,41,34,26.5,허리·엉덩이=둘레÷2(94/128);총장=다리길이
유니클로,true,와이드,other,wide,공용,스웨트와이드팬츠,3XL,72,49.5,66.5,42.5,35,27.5,허리·엉덩이=둘레÷2(99/133);총장=다리길이
유니클로,true,와이드,other,wide,공용,스웨트와이드팬츠,4XL,72,52,68.75,44,36,28.5,허리·엉덩이=둘레÷2(104/137.5);총장=다리길이
유니클로,true,와이드,other,wide,공용,저지배럴레그팬츠,XS,77,32.5,44,32,27,23,허리·엉덩이=둘레÷2(65/88);총장=다리길이
유니클로,true,와이드,other,wide,공용,저지배럴레그팬츠,S,77,34.5,46.25,33.5,27.5,24,허리·엉덩이=둘레÷2(69/92.5);총장=다리길이
유니클로,true,와이드,other,wide,공용,저지배럴레그팬츠,M,77,36.5,48.25,34.5,28.5,24.5,허리·엉덩이=둘레÷2(73/96.5);총장=다리길이
유니클로,true,와이드,other,wide,공용,저지배럴레그팬츠,L,77,38.5,50.5,36,29,25,허리·엉덩이=둘레÷2(77/101);총장=다리길이
유니클로,true,와이드,other,wide,공용,저지배럴레그팬츠,XL,77,41.5,53.25,37.5,30,25.5,허리·엉덩이=둘레÷2(83/106.5);총장=다리길이
유니클로,true,와이드,other,wide,공용,저지배럴레그팬츠,XXL,77,44.5,56.25,39.5,30.5,26,허리·엉덩이=둘레÷2(89/112.5);총장=다리길이
유니클로,true,와이드,other,wide,공용,저지배럴레그팬츠,3XL,77,48.5,59.75,42,31,26.5,허리·엉덩이=둘레÷2(97/119.5);총장=다리길이
유니클로,true,와이드,other,wide,공용,저지배럴레그팬츠(다리길이70~72cm),XS,70,32.5,44,32,27,23,허리·엉덩이=둘레÷2(65/88);총장=다리길이
유니클로,true,와이드,other,wide,공용,저지배럴레그팬츠(다리길이70~72cm),S,72,34.5,46.25,33.5,27.5,24,허리·엉덩이=둘레÷2(69/92.5);총장=다리길이
유니클로,true,와이드,other,wide,공용,저지배럴레그팬츠(다리길이70~72cm),M,72,36.5,48.25,34.5,28.5,24.5,허리·엉덩이=둘레÷2(73/96.5);총장=다리길이
유니클로,true,와이드,other,wide,공용,저지배럴레그팬츠(다리길이70~72cm),L,72,38.5,50.5,36,29,25,허리·엉덩이=둘레÷2(77/101);총장=다리길이
유니클로,true,와이드,other,wide,공용,저지배럴레그팬츠(다리길이70~72cm),XL,72,41.5,53.25,37.5,30,25.5,허리·엉덩이=둘레÷2(83/106.5);총장=다리길이
유니클로,true,와이드,other,wide,공용,저지배럴레그팬츠(다리길이70~72cm),XXL,72,44.5,56.25,39.5,30.5,26,허리·엉덩이=둘레÷2(89/112.5);총장=다리길이
유니클로,true,와이드,other,wide,공용,저지배럴레그팬츠(다리길이70~72cm),3XL,72,48.5,59.75,42,31,26.5,허리·엉덩이=둘레÷2(97/119.5);총장=다리길이
유니클로,true,릴랙스,other,wide,여성,리넨블렌드이지팬츠,XS,68,29.5,46.75,31.5,26,26.5,허리·엉덩이=둘레÷2(59/93.5);총장=다리길이
유니클로,true,릴랙스,other,wide,여성,리넨블렌드이지팬츠,S,70,31.5,48.75,32.5,26.5,27.5,허리·엉덩이=둘레÷2(63/97.5);총장=다리길이
유니클로,true,릴랙스,other,wide,여성,리넨블렌드이지팬츠,M,70,33.5,50.75,34,27,28,허리·엉덩이=둘레÷2(67/101.5);총장=다리길이
유니클로,true,릴랙스,other,wide,여성,리넨블렌드이지팬츠,L,70,36.5,53.75,35.5,28,28.5,허리·엉덩이=둘레÷2(73/107.5);총장=다리길이
유니클로,true,릴랙스,other,wide,여성,리넨블렌드이지팬츠,XL,70,39.5,56.75,37.5,29,29.5,허리·엉덩이=둘레÷2(79/113.5);총장=다리길이
유니클로,true,릴랙스,other,wide,여성,리넨블렌드이지팬츠,XXL,70,42.5,59.75,39.5,29.5,30,허리·엉덩이=둘레÷2(85/119.5);총장=다리길이
유니클로,true,릴랙스,other,wide,여성,리넨블렌드이지팬츠,3XL,70,45.5,62.75,41.5,30,31,허리·엉덩이=둘레÷2(91/125.5);총장=다리길이
유니클로,true,레귤러,other,straight,여성,스웨트스트레이트팬츠(다리길이74~77cm·긴기장),XS,74,30.5,45.25,30.5,26,25,허리·엉덩이=둘레÷2(61/90.5);총장=다리길이
유니클로,true,레귤러,other,straight,여성,스웨트스트레이트팬츠(다리길이74~77cm·긴기장),S,75.5,32.5,47.25,31.5,26.5,26,허리·엉덩이=둘레÷2(65/94.5);총장=다리길이
유니클로,true,레귤러,other,straight,여성,스웨트스트레이트팬츠(다리길이74~77cm·긴기장),M,76,34.5,49.25,33,27,27,허리·엉덩이=둘레÷2(69/98.5);총장=다리길이
유니클로,true,레귤러,other,straight,여성,스웨트스트레이트팬츠(다리길이74~77cm·긴기장),L,76,36.5,51.5,34.5,28,28,허리·엉덩이=둘레÷2(73/103);총장=다리길이
유니클로,true,레귤러,other,straight,여성,스웨트스트레이트팬츠(다리길이74~77cm·긴기장),XL,76,39.5,54.5,36,29,29,허리·엉덩이=둘레÷2(79/109);총장=다리길이
유니클로,true,레귤러,other,straight,여성,스웨트스트레이트팬츠(다리길이74~77cm·긴기장),XXL,76.5,42.5,57.5,38,29.5,30.5,허리·엉덩이=둘레÷2(85/115);총장=다리길이
유니클로,true,레귤러,other,straight,여성,스웨트스트레이트팬츠(다리길이74~77cm·긴기장),3XL,77,45.5,60.25,40,30,32,허리·엉덩이=둘레÷2(91/120.5);총장=다리길이
유니클로,true,레귤러,other,straight,여성,스웨트스트레이트팬츠(다리길이69~72cm),XS,69,30.5,45.25,30.5,26,25,허리·엉덩이=둘레÷2(61/90.5);총장=다리길이
유니클로,true,레귤러,other,straight,여성,스웨트스트레이트팬츠(다리길이69~72cm),S,70.5,32.5,47.25,31.5,26.5,26,허리·엉덩이=둘레÷2(65/94.5);총장=다리길이
유니클로,true,레귤러,other,straight,여성,스웨트스트레이트팬츠(다리길이69~72cm),M,71,34.5,49.25,33,27,27,허리·엉덩이=둘레÷2(69/98.5);총장=다리길이
유니클로,true,레귤러,other,straight,여성,스웨트스트레이트팬츠(다리길이69~72cm),L,71,36.5,51.5,34.5,28,28,허리·엉덩이=둘레÷2(73/103);총장=다리길이
유니클로,true,레귤러,other,straight,여성,스웨트스트레이트팬츠(다리길이69~72cm),XL,71,39.5,54.5,36,29,29,허리·엉덩이=둘레÷2(79/109);총장=다리길이
유니클로,true,레귤러,other,straight,여성,스웨트스트레이트팬츠(다리길이69~72cm),XXL,71.5,42.5,57.5,38,29.5,30.5,허리·엉덩이=둘레÷2(85/115);총장=다리길이
유니클로,true,레귤러,other,straight,여성,스웨트스트레이트팬츠(다리길이69~72cm),3XL,72,45.5,60.25,40,30,32,허리·엉덩이=둘레÷2(91/120.5);총장=다리길이
유니클로,true,루즈,other,wide,여성,이지유틸리티팬츠,XS,68,30,49.75,33.5,26.5,26,허리·엉덩이=둘레÷2(60/99.5);총장=다리길이
유니클로,true,루즈,other,wide,여성,이지유틸리티팬츠,S,70,32,51.75,35,27.5,27,허리·엉덩이=둘레÷2(64/103.5);총장=다리길이
유니클로,true,루즈,other,wide,여성,이지유틸리티팬츠,M,70,34,53.75,36.5,28,28,허리·엉덩이=둘레÷2(68/107.5);총장=다리길이
유니클로,true,루즈,other,wide,여성,이지유틸리티팬츠,L,72,36,56,37.5,29,29,허리·엉덩이=둘레÷2(72/112);총장=다리길이
유니클로,true,루즈,other,wide,여성,이지유틸리티팬츠,XL,72,39,58.75,39.5,30,30,허리·엉덩이=둘레÷2(78/117.5);총장=다리길이
유니클로,true,루즈,other,wide,여성,이지유틸리티팬츠,XXL,72,42,61.75,41.5,30.5,31.5,허리·엉덩이=둘레÷2(84/123.5);총장=다리길이
유니클로,true,루즈,other,wide,여성,이지유틸리티팬츠,3XL,72,45,64.5,43.5,31,33,허리·엉덩이=둘레÷2(90/129);총장=다리길이
스파오,true,와이드핏,denim,wide,남성,[COOL] 와이드 진,28,106,38.5,53,33.8,31,26,허리·엉덩이·허벅지·밑단=둘레÷2(77/106/67.6/52);밑위=앞밑위길이
스파오,true,와이드핏,denim,wide,남성,[COOL] 와이드 진,30,107,40.5,55,35.05,32,26.5,둘레÷2(81/110/70.1/53);밑위=앞밑위길이
스파오,true,와이드핏,denim,wide,남성,[COOL] 와이드 진,31,107.5,41.5,56,35.65,32.5,26.7,둘레÷2(83/112/71.3/53.4);밑위=앞밑위길이
스파오,true,와이드핏,denim,wide,남성,[COOL] 와이드 진,32,108,42.5,57,36.25,33,27,둘레÷2(85/114/72.5/54);밑위=앞밑위길이
스파오,true,와이드핏,denim,wide,남성,[COOL] 와이드 진,33,108.5,43.75,58.25,37,33.5,27.3,둘레÷2(87.5/116.5/74/54.6);밑위=앞밑위길이
스파오,true,와이드핏,denim,wide,남성,[COOL] 와이드 진,34,109,45,59.5,37.75,34,27.6,둘레÷2(90/119/75.5/55.2);밑위=앞밑위길이
스파오,true,와이드핏,denim,wide,남성,[COOL] 와이드 진,36,110,47.5,62,39.25,35,28.2,둘레÷2(95/124/78.5/56.4);밑위=앞밑위길이
스파오,true,레귤러,denim,straight,남성,[COOL] 스트레이트 진,28,107.5,38.5,49.5,31.45,29,22.25,둘레÷2(77/99/62.9/44.5);밑위=앞밑위길이
스파오,true,레귤러,denim,straight,남성,[COOL] 스트레이트 진,30,108,40.5,50.5,32.05,29.5,22.5,둘레÷2(81/101/64.1/45);밑위=앞밑위길이
스파오,true,레귤러,denim,straight,남성,[COOL] 스트레이트 진,31,108.5,41.5,51.5,32.65,30,22.75,둘레÷2(83/103/65.3/45.5);밑위=앞밑위길이
스파오,true,레귤러,denim,straight,남성,[COOL] 스트레이트 진,32,109,42.5,52.5,33.25,30.5,23,둘레÷2(85/105/66.5/46);밑위=앞밑위길이
스파오,true,레귤러,denim,straight,남성,[COOL] 스트레이트 진,33,109.5,43.75,53.75,34,31,22.8,둘레÷2(87.5/107.5/68/45.6);밑위=앞밑위길이
스파오,true,레귤러,denim,straight,남성,[COOL] 스트레이트 진,34,110,45,55,34.75,31.5,23.6,둘레÷2(90/110/69.5/47.2);밑위=앞밑위길이
스파오,true,레귤러,denim,straight,남성,[COOL] 스트레이트 진,36,110.5,46.25,56.25,35.5,32,23.9,둘레÷2(92.5/112.5/71/47.8);밑위=앞밑위길이
스파오,true,레귤러,slacks,tapered,남성,[COOL] 테이퍼드 슬랙스,28,95,38,48,30.2,26.3,18,둘레÷2(76/96/60.4/36);밑위=앞밑위길이
스파오,true,레귤러,slacks,tapered,남성,[COOL] 테이퍼드 슬랙스,30,95.5,40,50,31.35,26.9,18.5,둘레÷2(80/100/62.7/37);밑위=앞밑위길이
스파오,true,레귤러,slacks,tapered,남성,[COOL] 테이퍼드 슬랙스,32,96,42,52,32.5,27.5,19,둘레÷2(84/104/65/38);밑위=앞밑위길이
스파오,true,레귤러,slacks,tapered,남성,[COOL] 테이퍼드 슬랙스,34,96.5,44.5,54.5,33.9,28.1,19.5,둘레÷2(89/109/67.8/39);밑위=앞밑위길이
스파오,true,레귤러,slacks,tapered,남성,[COOL] 테이퍼드 슬랙스,36,97,47,57,35.3,28.7,20,둘레÷2(94/114/70.6/40);밑위=앞밑위길이
스파오,true,와이드,slacks,wide,남성,[COOL] 와이드 슬랙스,28,103,37,53,32.7,28.8,23,둘레÷2(74/106/65.4/46);밑위=앞밑위길이
스파오,true,와이드,slacks,wide,남성,[COOL] 와이드 슬랙스,30,103.5,39,55,33.85,29.4,23.5,둘레÷2(78/110/67.7/47);밑위=앞밑위길이
스파오,true,와이드,slacks,wide,남성,[COOL] 와이드 슬랙스,32,104,41,57,35,30,24,둘레÷2(82/114/70/48);밑위=앞밑위길이
스파오,true,와이드,slacks,wide,남성,[COOL] 와이드 슬랙스,34,104.5,43.5,59.5,36.4,30.6,24.5,둘레÷2(87/119/72.8/49);밑위=앞밑위길이
스파오,true,와이드,slacks,wide,남성,[COOL] 와이드 슬랙스,36,105,46,62,37.8,31.2,25,둘레÷2(92/124/75.6/50);밑위=앞밑위길이
스파오,true,와이드,other,wide,남성,벌룬 와이드 코튼 팬츠,74,107,37.5,53,34.5,30,23.8,둘레÷2(75/106/69/47.6);밑위=앞밑위길이
스파오,true,와이드,other,wide,남성,벌룬 와이드 코튼 팬츠,78,108,40,55.5,36,31,24.4,둘레÷2(80/111/72/48.8);밑위=앞밑위길이
스파오,true,와이드,other,wide,남성,벌룬 와이드 코튼 팬츠,82,109,42.5,58,37.5,32,25,둘레÷2(85/116/75/50);밑위=앞밑위길이
스파오,true,와이드,other,wide,남성,벌룬 와이드 코튼 팬츠,86,110,45,60.5,39,33,25.6,둘레÷2(90/121/78/51.2);밑위=앞밑위길이
스파오,true,와이드,other,wide,남성,벌룬 와이드 코튼 팬츠,90,111,47.5,63,40.5,34,26.2,둘레÷2(95/126/81/52.4);밑위=앞밑위길이
스파오,true,레귤러,denim,tapered,남성,[COOL] 테이퍼드 진,74,97.5,38.5,48.5,29.8,26,17.5,둘레÷2(77/97/59.6/35);밑위=앞밑위길이
스파오,true,레귤러,denim,tapered,남성,[COOL] 테이퍼드 진,78,98.5,40.5,50.5,31.05,27,18,둘레÷2(81/101/62.1/36);밑위=앞밑위길이
스파오,true,레귤러,denim,tapered,남성,[COOL] 테이퍼드 진,80,99,41.5,51.5,31.65,27.5,18.25,둘레÷2(83/103/63.3/36.5);밑위=앞밑위길이
스파오,true,레귤러,denim,tapered,남성,[COOL] 테이퍼드 진,82,99.5,42.5,52.5,32.25,28,18.5,둘레÷2(85/105/64.5/37);밑위=앞밑위길이
스파오,true,레귤러,denim,tapered,남성,[COOL] 테이퍼드 진,84,100,43.75,53.75,33,28.5,18.8,둘레÷2(87.5/107.5/66/37.6);밑위=앞밑위길이
스파오,true,레귤러,denim,tapered,남성,[COOL] 테이퍼드 진,86,100.5,45,55,33.75,29,19.1,둘레÷2(90/110/67.5/38.2);밑위=앞밑위길이
스파오,true,레귤러,denim,tapered,남성,[COOL] 테이퍼드 진,90,101.5,47.5,57.5,35.25,30,19.7,둘레÷2(95/115/70.5/39.4);밑위=앞밑위길이
스파오,true,와이드,other,wide,여성,여성 벌룬 와이드 코튼 팬츠,25,105.5,32.75,51.75,35.25,33,22.4,둘레÷2(65.5/103.5/70.5/44.8);밑위=앞밑위길이
스파오,true,와이드,other,wide,여성,여성 벌룬 와이드 코튼 팬츠,26,106,34,53,36,33.5,23,둘레÷2(68/106/72/46);밑위=앞밑위길이
스파오,true,와이드,other,wide,여성,여성 벌룬 와이드 코튼 팬츠,27,106.5,35.25,54.25,36.75,34,23.6,둘레÷2(70.5/108.5/73.5/47.2);밑위=앞밑위길이
스파오,true,와이드,other,wide,여성,여성 벌룬 와이드 코튼 팬츠,28,107,36.5,55.5,37.5,34.5,24.2,둘레÷2(73/111/75/48.4);밑위=앞밑위길이
스파오,true,와이드,other,wide,여성,여성 벌룬 와이드 코튼 팬츠,29,107.5,37.75,56.75,38.25,35,24.8,둘레÷2(75.5/113.5/76.5/49.6);밑위=앞밑위길이
스파오,true,와이드,other,wide,여성,골지 롱 와이드 팬츠,S,96,33,55,34.5,32,27.5,둘레÷2(66/110/69/55);밑위=앞밑위길이
스파오,true,와이드,other,wide,여성,골지 롱 와이드 팬츠,M,97,35.5,57.5,36,33,28.5,둘레÷2(71/115/72/57);밑위=앞밑위길이
스파오,true,와이드,other,wide,여성,골지 롱 와이드 팬츠,L,98,38,60,37.5,34,29.5,둘레÷2(76/120/75/59);밑위=앞밑위길이
스파오,true,와이드,denim,wide,여성,[COOL] 롱 와이드 진,24,103.5,30.5,48.5,33.5,30,26.3,둘레÷2(61/97/67/52.6);밑위=앞밑위길이
스파오,true,와이드,denim,wide,여성,[COOL] 롱 와이드 진,25,104,31.75,49.75,34.25,30.5,26.9,둘레÷2(63.5/99.5/68.5/53.8);밑위=앞밑위길이
스파오,true,와이드,denim,wide,여성,[COOL] 롱 와이드 진,26,104.5,33,51,35,31,27.5,둘레÷2(66/102/70/55);밑위=앞밑위길이
스파오,true,와이드,denim,wide,여성,[COOL] 롱 와이드 진,27,105,34.25,52.25,35.75,31.5,28.1,둘레÷2(68.5/104.5/71.5/56.2);밑위=앞밑위길이
스파오,true,와이드,denim,wide,여성,[COOL] 롱 와이드 진,28,105.5,35.5,53.5,36.5,32,28.7,둘레÷2(71/107/73/57.4);밑위=앞밑위길이
스파오,true,와이드,denim,wide,여성,[COOL] 롱 와이드 진,29,106,36.75,54.75,37.25,32.5,29.3,둘레÷2(73.5/109.5/74.5/58.6);밑위=앞밑위길이
스파오,true,와이드,denim,wide,여성,[COOL] 롱 와이드 진,30,106.5,38,56,38,33,29.9,둘레÷2(76/112/76/59.8);밑위=앞밑위길이
스파오,true,와이드,other,wide,여성,와이드 사선 카고 밴딩 팬츠,S,102.5,32,55,34.5,33,29,둘레÷2(64/110/69/58);밑위=앞밑위길이
스파오,true,와이드,other,wide,여성,와이드 사선 카고 밴딩 팬츠,M,103.5,34.5,57.5,36,34,30,둘레÷2(69/115/72/60);밑위=앞밑위길이
스파오,true,와이드,other,wide,여성,와이드 사선 카고 밴딩 팬츠,L,104.5,37,60,37.5,35,31,둘레÷2(74/120/75/62);밑위=앞밑위길이
스파오,true,레귤러,denim,straight,여성,[COOL] 스트레이트 진,24,104,31,45,28.5,28,22.3,스파오 매핑 둘레÷2
스파오,true,레귤러,denim,straight,여성,[COOL] 스트레이트 진,25,104.5,32.25,46.25,29.25,28.5,22.9,스파오 매핑 둘레÷2
스파오,true,레귤러,denim,straight,여성,[COOL] 스트레이트 진,26,105,33.5,47.5,30,29,23.5,스파오 매핑 둘레÷2
스파오,true,레귤러,denim,straight,여성,[COOL] 스트레이트 진,27,105.5,34.75,48.75,30.75,29.5,24.1,스파오 매핑 둘레÷2
스파오,true,레귤러,denim,straight,여성,[COOL] 스트레이트 진,28,106,36,50,31.5,30,24.7,스파오 매핑 둘레÷2
스파오,true,레귤러,denim,straight,여성,[COOL] 스트레이트 진,29,106.5,37.25,51.25,32.25,30.5,25.3,스파오 매핑 둘레÷2
스파오,true,레귤러,denim,straight,여성,[COOL] 스트레이트 진,30,107,38.5,52.5,33,31,25.9,스파오 매핑 둘레÷2
스파오,true,레귤러,slacks,straight,여성,[COOL] 스트레이트 슬랙스,64,100.5,33.75,45.5,29.5,26,23.4,스파오 매핑 둘레÷2
스파오,true,레귤러,slacks,straight,여성,[COOL] 스트레이트 슬랙스,67,101,35,46.75,30.25,26.5,24,스파오 매핑 둘레÷2
스파오,true,레귤러,slacks,straight,여성,[COOL] 스트레이트 슬랙스,70,101.5,36.25,48,31,27,24.6,스파오 매핑 둘레÷2
스파오,true,레귤러,slacks,straight,여성,[COOL] 스트레이트 슬랙스,73,102,37.5,49.25,31.75,27.5,25.2,스파오 매핑 둘레÷2
스파오,true,레귤러,slacks,straight,여성,[COOL] 스트레이트 슬랙스,75,102.5,38.75,50.5,32.5,28,25.8,스파오 매핑 둘레÷2
스파오,true,레귤러,slacks,straight,여성,[COOL] 스트레이트 슬랙스,78,103,40,51.75,33.25,28.5,26.4,스파오 매핑 둘레÷2
스파오,true,와이드,denim,wide,여성,[COOL] 여성 벌룬 와이드 진,25,105.5,32.75,52.75,35.75,32.5,22.4,스파오 매핑 둘레÷2
스파오,true,와이드,denim,wide,여성,[COOL] 여성 벌룬 와이드 진,26,106,34,54,36.5,33,23,스파오 매핑 둘레÷2
스파오,true,와이드,denim,wide,여성,[COOL] 여성 벌룬 와이드 진,27,106.5,35.25,55.25,37.25,33.5,23.6,스파오 매핑 둘레÷2
스파오,true,와이드,denim,wide,여성,[COOL] 여성 벌룬 와이드 진,28,107,36.5,56.5,38,34,24.2,스파오 매핑 둘레÷2
스파오,true,와이드,denim,wide,여성,[COOL] 여성 벌룬 와이드 진,29,107.5,37.75,57.75,38.75,34.5,24.8,스파오 매핑 둘레÷2
스파오,true,레귤러,denim,straight,여성,스트레이트 진,24,97,30.5,,27.75,27,20.8,스파오 매핑 둘레÷2·엉덩이 없음
스파오,true,레귤러,denim,straight,여성,스트레이트 진,25,102.5,31.75,,28.5,27.5,21.4,스파오 매핑 둘레÷2·엉덩이 없음
스파오,true,레귤러,denim,straight,여성,스트레이트 진,26,103,33,,29.25,28,22,스파오 매핑 둘레÷2·엉덩이 없음
스파오,true,레귤러,denim,straight,여성,스트레이트 진,27,103.5,34.25,,30,28.5,22.6,스파오 매핑 둘레÷2·엉덩이 없음
스파오,true,레귤러,denim,straight,여성,스트레이트 진,28,104,35.5,,30.75,29,23.2,스파오 매핑 둘레÷2·엉덩이 없음
스파오,true,레귤러,denim,straight,여성,스트레이트 진,29,104.5,36.75,,31.5,29.5,23.8,스파오 매핑 둘레÷2·엉덩이 없음
스파오,true,레귤러,denim,straight,여성,스트레이트 진,30,105,38,,32.25,30,24.4,스파오 매핑 둘레÷2·엉덩이 없음
스파오,true,레귤러,denim,bootcut,여성,[COOL] 부츠컷 진,61,102,31.5,42,25,25,24.8,부츠컷·스파오 매핑 둘레÷2
스파오,true,레귤러,denim,bootcut,여성,[COOL] 부츠컷 진,64,102.5,32.75,43.25,25.75,25.5,25.4,부츠컷·스파오 매핑 둘레÷2
스파오,true,레귤러,denim,bootcut,여성,[COOL] 부츠컷 진,67,103,34,44.5,26.5,26,26,부츠컷·스파오 매핑 둘레÷2
스파오,true,레귤러,denim,bootcut,여성,[COOL] 부츠컷 진,70,103.5,35.25,45.75,27.25,26.5,26.6,부츠컷·스파오 매핑 둘레÷2
스파오,true,레귤러,denim,bootcut,여성,[COOL] 부츠컷 진,73,104,36.5,47,28,27,27.2,부츠컷·스파오 매핑 둘레÷2
스파오,true,레귤러,denim,bootcut,여성,[COOL] 부츠컷 진,75,104.5,37.75,48.25,28.75,27.5,27.8,부츠컷·스파오 매핑 둘레÷2
스파오,true,레귤러,denim,bootcut,여성,[COOL] 부츠컷 진,78,105,39,49.5,29.5,28,28.4,부츠컷·스파오 매핑 둘레÷2
에잇세컨즈,true,와이드,slacks,wide,남성,[4WAY STRETCH] 와이드핏 밴딩 슬랙스,S,104,36,57,36,32,25,"허리·엉덩이 둘레÷2, 허벅지·밑단 너비"
에잇세컨즈,true,와이드,slacks,wide,남성,[4WAY STRETCH] 와이드핏 밴딩 슬랙스,M,105,38,59,37,33,25.5,"허리·엉덩이 둘레÷2, 허벅지·밑단 너비"
에잇세컨즈,true,와이드,slacks,wide,남성,[4WAY STRETCH] 와이드핏 밴딩 슬랙스,L,106,40,61,38,34,26,"허리·엉덩이 둘레÷2, 허벅지·밑단 너비"
에잇세컨즈,true,와이드,slacks,wide,남성,[4WAY STRETCH] 와이드핏 밴딩 슬랙스,XL,108,42.5,63.5,39.5,35.5,26.8,"허리·엉덩이 둘레÷2, 허벅지·밑단 너비"
에잇세컨즈,true,세미와이드,slacks,wide,남성,[4WAY STRETCH] 세미와이드핏 히든 밴딩 슬랙스,076,102,39.25,49.25,31.7,26.5,22.9,"허리·엉덩이 둘레÷2, 허벅지·밑단 너비"
에잇세컨즈,true,세미와이드,slacks,wide,남성,[4WAY STRETCH] 세미와이드핏 히든 밴딩 슬랙스,078,103,40.5,50.5,32.3,27,23.1,"허리·엉덩이 둘레÷2, 허벅지·밑단 너비"
에잇세컨즈,true,세미와이드,slacks,wide,남성,[4WAY STRETCH] 세미와이드핏 히든 밴딩 슬랙스,080,104,41.75,51.75,32.9,27.5,23.3,"허리·엉덩이 둘레÷2, 허벅지·밑단 너비"
에잇세컨즈,true,세미와이드,slacks,wide,남성,[4WAY STRETCH] 세미와이드핏 히든 밴딩 슬랙스,082,105,43,53,33.5,28,23.5,"허리·엉덩이 둘레÷2, 허벅지·밑단 너비"
에잇세컨즈,true,세미와이드,slacks,wide,남성,[4WAY STRETCH] 세미와이드핏 히든 밴딩 슬랙스,084,106,44.5,54.5,34.3,28.7,23.9,"허리·엉덩이 둘레÷2, 허벅지·밑단 너비"
에잇세컨즈,true,세미와이드,slacks,wide,남성,[4WAY STRETCH] 세미와이드핏 히든 밴딩 슬랙스,086,107,46,56,35.2,29.4,24.3,"허리·엉덩이 둘레÷2, 허벅지·밑단 너비"
에잇세컨즈,true,와이드,other,wide,남성,와이드핏 셋업 팬츠,S,104,36,57,35.5,32,24,밑위=앞밑위길이·허벅지·밑단 너비
에잇세컨즈,true,와이드,other,wide,남성,와이드핏 셋업 팬츠,M,105,38,59,36.5,33,24.5,밑위=앞밑위길이·허벅지·밑단 너비
에잇세컨즈,true,와이드,other,wide,남성,와이드핏 셋업 팬츠,L,106,40,61,37.5,34,25,밑위=앞밑위길이·허벅지·밑단 너비
에잇세컨즈,true,와이드,other,wide,남성,와이드핏 셋업 팬츠,XL,108,42.5,63.5,39,35.5,25.8,밑위=앞밑위길이·허벅지·밑단 너비
에잇세컨즈,true,세미와이드,denim,wide,남성,경량 에센셜 세미와이드핏 데님 팬츠,074,104,38,48,30.1,29.5,22.2,"허리·엉덩이 둘레÷2, 허벅지·밑단 너비"
에잇세컨즈,true,세미와이드,denim,wide,남성,경량 에센셜 세미와이드핏 데님 팬츠,076,104,39.25,49.25,30.7,30,22.4,"허리·엉덩이 둘레÷2, 허벅지·밑단 너비"
에잇세컨즈,true,세미와이드,denim,wide,남성,경량 에센셜 세미와이드핏 데님 팬츠,078,105,40.5,50.5,31.3,30.5,22.6,"허리·엉덩이 둘레÷2, 허벅지·밑단 너비"
에잇세컨즈,true,세미와이드,denim,wide,남성,경량 에센셜 세미와이드핏 데님 팬츠,080,106,41.75,51.75,31.9,31,22.8,"허리·엉덩이 둘레÷2, 허벅지·밑단 너비"
에잇세컨즈,true,세미와이드,denim,wide,남성,경량 에센셜 세미와이드핏 데님 팬츠,082,106,43,53,32.5,31.5,23,"허리·엉덩이 둘레÷2, 허벅지·밑단 너비"
에잇세컨즈,true,세미와이드,denim,wide,남성,경량 에센셜 세미와이드핏 데님 팬츠,084,107,44.5,54.5,33.3,32.2,23.4,"허리·엉덩이 둘레÷2, 허벅지·밑단 너비"
에잇세컨즈,true,세미와이드,denim,wide,남성,경량 에센셜 세미와이드핏 데님 팬츠,086,108,46,56,34.2,32.9,23.8,"허리·엉덩이 둘레÷2, 허벅지·밑단 너비"
에잇세컨즈,true,세미와이드,other,wide,남성,경량 코튼 이지 팬츠,S,102,36,56,35.5,30.5,23.5,"허리·엉덩이 둘레÷2, 허벅지·밑단 너비"
에잇세컨즈,true,세미와이드,other,wide,남성,경량 코튼 이지 팬츠,M,103,38,58,36.5,31.5,24,"허리·엉덩이 둘레÷2, 허벅지·밑단 너비"
에잇세컨즈,true,세미와이드,other,wide,남성,경량 코튼 이지 팬츠,L,104,40,60,37.5,32.5,24.5,"허리·엉덩이 둘레÷2, 허벅지·밑단 너비"
에잇세컨즈,true,세미와이드,other,wide,남성,경량 코튼 이지 팬츠,XL,106,42.5,62.5,39,34,25.3,"허리·엉덩이 둘레÷2, 허벅지·밑단 너비"
에잇세컨즈,true,와이드,denim,wide,남성,경량 벌룬핏 데님 팬츠,074,108,38.5,52.5,35.6,31.5,27.2,"허리·엉덩이 둘레÷2, 허벅지·밑단 너비"
에잇세컨즈,true,와이드,denim,wide,남성,경량 벌룬핏 데님 팬츠,076,108,39.75,53.75,36.2,32,27.4,"허리·엉덩이 둘레÷2, 허벅지·밑단 너비"
에잇세컨즈,true,와이드,denim,wide,남성,경량 벌룬핏 데님 팬츠,078,109,41,55,36.8,32.5,27.6,"허리·엉덩이 둘레÷2, 허벅지·밑단 너비"
에잇세컨즈,true,와이드,denim,wide,남성,경량 벌룬핏 데님 팬츠,080,110,42.25,56.25,37.4,33,27.8,"허리·엉덩이 둘레÷2, 허벅지·밑단 너비"
에잇세컨즈,true,와이드,denim,wide,남성,경량 벌룬핏 데님 팬츠,082,110,43.5,57.5,38,33.5,28,"허리·엉덩이 둘레÷2, 허벅지·밑단 너비"
에잇세컨즈,true,와이드,denim,wide,남성,경량 벌룬핏 데님 팬츠,084,110,45,59,38.8,34.2,28.4,"허리·엉덩이 둘레÷2, 허벅지·밑단 너비"
에잇세컨즈,true,와이드,denim,wide,남성,경량 벌룬핏 데님 팬츠,086,110,46.5,60.5,39.7,34.9,28.8,"허리·엉덩이 둘레÷2, 허벅지·밑단 너비"
에잇세컨즈,true,테이퍼드,other,wide,남성,가먼트 다잉 와이드 테이퍼드핏 팬츠,076,102,39.25,51.75,34.7,30,24.4,"허리·엉덩이 둘레÷2, 허벅지·밑단 너비"
에잇세컨즈,true,테이퍼드,other,wide,남성,가먼트 다잉 와이드 테이퍼드핏 팬츠,078,103,40.5,53,35.3,30.5,24.6,"허리·엉덩이 둘레÷2, 허벅지·밑단 너비"
에잇세컨즈,true,테이퍼드,other,wide,남성,가먼트 다잉 와이드 테이퍼드핏 팬츠,080,104,41.75,54.25,35.9,31,24.8,"허리·엉덩이 둘레÷2, 허벅지·밑단 너비"
에잇세컨즈,true,테이퍼드,other,wide,남성,가먼트 다잉 와이드 테이퍼드핏 팬츠,082,105,43,55.5,36.5,31.5,25,"허리·엉덩이 둘레÷2, 허벅지·밑단 너비"
에잇세컨즈,true,테이퍼드,other,wide,남성,가먼트 다잉 와이드 테이퍼드핏 팬츠,084,106,44.5,57,37.3,32.2,25.4,"허리·엉덩이 둘레÷2, 허벅지·밑단 너비"
에잇세컨즈,true,슬림,slacks,slim,남성,슬림핏 베이직 슬랙스,076,96,39.75,48.25,,23.5,18.9,허리·엉덩이 둘레÷2·허벅지 없음
에잇세컨즈,true,슬림,slacks,slim,남성,슬림핏 베이직 슬랙스,078,97,41,49.5,,24,19.1,허리·엉덩이 둘레÷2·허벅지 없음
에잇세컨즈,true,슬림,slacks,slim,남성,슬림핏 베이직 슬랙스,080,98,42.25,50.75,,24.5,19.3,허리·엉덩이 둘레÷2·허벅지 없음
에잇세컨즈,true,슬림,slacks,slim,남성,슬림핏 베이직 슬랙스,082,99,43.5,52,,25,19.5,허리·엉덩이 둘레÷2·허벅지 없음
에잇세컨즈,true,슬림,slacks,slim,남성,슬림핏 베이직 슬랙스,084,100,45,53.5,,25.7,19.9,허리·엉덩이 둘레÷2·허벅지 없음
에잇세컨즈,true,슬림,slacks,slim,남성,슬림핏 베이직 슬랙스,086,101,46.5,55,,26.4,20.2,허리·엉덩이 둘레÷2·허벅지 없음
에잇세컨즈,true,슬림,slacks,slim,남성,슬림핏 히든 밴딩 슬랙스,076,96,39.75,48.25,31.1,23.5,18.3,"허리·엉덩이 둘레÷2, 허벅지·밑단 너비"
에잇세컨즈,true,슬림,slacks,slim,남성,슬림핏 히든 밴딩 슬랙스,078,97,41,49.5,31.7,24,18.5,"허리·엉덩이 둘레÷2, 허벅지·밑단 너비"
에잇세컨즈,true,슬림,slacks,slim,남성,슬림핏 히든 밴딩 슬랙스,080,98,42.25,50.75,32.4,24.5,18.8,"허리·엉덩이 둘레÷2, 허벅지·밑단 너비"
에잇세컨즈,true,슬림,slacks,slim,남성,슬림핏 히든 밴딩 슬랙스,082,99,43.5,52,33,25,19,"허리·엉덩이 둘레÷2, 허벅지·밑단 너비"
에잇세컨즈,true,슬림,slacks,slim,남성,슬림핏 히든 밴딩 슬랙스,084,100,45,53.5,33.9,25.7,19.4,"허리·엉덩이 둘레÷2, 허벅지·밑단 너비"
에잇세컨즈,true,슬림,slacks,slim,남성,슬림핏 히든 밴딩 슬랙스,086,101,46.5,55,34.7,26.4,19.7,"허리·엉덩이 둘레÷2, 허벅지·밑단 너비"
에잇세컨즈,true,와이드,other,wide,여성,[올데이 크리즈] 와이드 팬츠,064,101.5,33,49.5,32.7,30.7,27.5,"허리·엉덩이 둘레÷2, 허벅지·밑단 너비"
에잇세컨즈,true,와이드,other,wide,여성,[올데이 크리즈] 와이드 팬츠,067,103,35,51.5,34,31.5,28.5,"허리·엉덩이 둘레÷2, 허벅지·밑단 너비"
에잇세컨즈,true,와이드,other,wide,여성,[올데이 크리즈] 와이드 팬츠,070,104.5,37,53.5,35.3,32.3,29.5,"허리·엉덩이 둘레÷2, 허벅지·밑단 너비"
에잇세컨즈,true,와이드,other,wide,여성,[올데이 크리즈] 와이드 팬츠,073,106,39,55.5,36.6,33.1,30.5,"허리·엉덩이 둘레÷2, 허벅지·밑단 너비"
에잇세컨즈,true,와이드,other,wide,여성,[올데이 크리즈] 와이드 팬츠,076,107.5,41.5,58,38.1,33.9,31.8,"허리·엉덩이 둘레÷2, 허벅지·밑단 너비"
에잇세컨즈,true,와이드,other,wide,여성,폴리 크레이프 밴딩 팬츠,064,100.5,31.5,48.35,31.2,30.4,28.2,"허리·엉덩이 둘레÷2, 허벅지·밑단 너비"
에잇세컨즈,true,와이드,other,wide,여성,폴리 크레이프 밴딩 팬츠,067,102,33.5,50.35,32.5,31.2,29.2,"허리·엉덩이 둘레÷2, 허벅지·밑단 너비"
에잇세컨즈,true,와이드,other,wide,여성,폴리 크레이프 밴딩 팬츠,070,103.5,35.5,52.35,33.8,32,30.2,"허리·엉덩이 둘레÷2, 허벅지·밑단 너비"
에잇세컨즈,true,와이드,other,wide,여성,폴리 크레이프 밴딩 팬츠,073,105,37.5,54.35,35.1,32.8,31.2,"허리·엉덩이 둘레÷2, 허벅지·밑단 너비"
에잇세컨즈,true,와이드,other,wide,여성,폴리 크레이프 밴딩 팬츠,076,106.5,40,56.85,36.6,33.6,32.5,"허리·엉덩이 둘레÷2, 허벅지·밑단 너비"
에잇세컨즈,true,세미와이드,denim,wide,여성,세미와이드 경량데님,064,102,34.75,48,30.2,29.7,26,"허리·엉덩이 둘레÷2, 허벅지·밑단 너비"
에잇세컨즈,true,세미와이드,denim,wide,여성,세미와이드 경량데님,067,103.5,36.75,50,31.5,30.5,27,"허리·엉덩이 둘레÷2, 허벅지·밑단 너비"
에잇세컨즈,true,세미와이드,denim,wide,여성,세미와이드 경량데님,070,105,38.75,52,32.8,31.3,28,"허리·엉덩이 둘레÷2, 허벅지·밑단 너비"
에잇세컨즈,true,세미와이드,denim,wide,여성,세미와이드 경량데님,073,106.5,40.75,54,34.1,32.1,29,"허리·엉덩이 둘레÷2, 허벅지·밑단 너비"
에잇세컨즈,true,세미와이드,denim,wide,여성,세미와이드 경량데님,076,108,43.25,56.5,35.6,32.9,30.3,"허리·엉덩이 둘레÷2, 허벅지·밑단 너비"
에잇세컨즈,true,와이드,slacks,wide,여성,냉감 밴딩 슬랙스,064,101.5,33.25,55.25,34.2,30.7,27.5,"허리·엉덩이 둘레÷2, 허벅지·밑단 너비"
에잇세컨즈,true,와이드,slacks,wide,여성,냉감 밴딩 슬랙스,067,103,35.25,57.25,35.5,31.5,28.5,"허리·엉덩이 둘레÷2, 허벅지·밑단 너비"
에잇세컨즈,true,와이드,slacks,wide,여성,냉감 밴딩 슬랙스,070,104.5,37.25,59.25,36.8,32.3,29.5,"허리·엉덩이 둘레÷2, 허벅지·밑단 너비"
에잇세컨즈,true,와이드,slacks,wide,여성,냉감 밴딩 슬랙스,073,106,39.25,61.25,38.1,33.1,30.5,"허리·엉덩이 둘레÷2, 허벅지·밑단 너비"
에잇세컨즈,true,와이드,slacks,wide,여성,냉감 밴딩 슬랙스,076,107.5,41.75,63.75,39.6,33.9,31.8,"허리·엉덩이 둘레÷2, 허벅지·밑단 너비"
에잇세컨즈,true,슬림,denim,bootcut,여성,부츠컷 경량데님,064,100.5,34.75,45.5,27.2,25.2,25.5,"부츠컷·허리·엉덩이 둘레÷2, 허벅지·밑단 너비"
에잇세컨즈,true,슬림,denim,bootcut,여성,부츠컷 경량데님,067,102,36.75,47.5,28.5,26,26.5,"부츠컷·허리·엉덩이 둘레÷2, 허벅지·밑단 너비"
에잇세컨즈,true,슬림,denim,bootcut,여성,부츠컷 경량데님,070,103.5,38.75,49.5,29.8,26.8,27.5,"부츠컷·허리·엉덩이 둘레÷2, 허벅지·밑단 너비"
에잇세컨즈,true,슬림,denim,bootcut,여성,부츠컷 경량데님,073,105,40.75,51.5,31.1,27.6,28.5,"부츠컷·허리·엉덩이 둘레÷2, 허벅지·밑단 너비"
에잇세컨즈,true,슬림,denim,bootcut,여성,부츠컷 경량데님,076,106.5,43.25,54,32.6,28.4,29.8,"부츠컷·허리·엉덩이 둘레÷2, 허벅지·밑단 너비"
에잇세컨즈,true,세미와이드,denim,wide,여성,세미와이드 텐셀데님,064,101.5,34,48,31.7,30.2,26,"허리·엉덩이 둘레÷2, 허벅지·밑단 너비"
에잇세컨즈,true,세미와이드,denim,wide,여성,세미와이드 텐셀데님,067,103,36,50,33,31,27,"허리·엉덩이 둘레÷2, 허벅지·밑단 너비"
에잇세컨즈,true,세미와이드,denim,wide,여성,세미와이드 텐셀데님,070,104.5,38,52,34.3,31.8,28,"허리·엉덩이 둘레÷2, 허벅지·밑단 너비"
에잇세컨즈,true,세미와이드,denim,wide,여성,세미와이드 텐셀데님,073,106,40,54,35.6,32.6,29,"허리·엉덩이 둘레÷2, 허벅지·밑단 너비"
에잇세컨즈,true,세미와이드,denim,wide,여성,세미와이드 텐셀데님,076,107.5,42.5,56.5,37.1,33.4,30.3,"허리·엉덩이 둘레÷2, 허벅지·밑단 너비"
에잇세컨즈,true,스트레이트,denim,straight,여성,틴워싱 스트레이트핏 데님,067,103,38,47,30,27.5,24.2,"허리·엉덩이 둘레÷2, 허벅지·밑단 너비"
에잇세컨즈,true,스트레이트,denim,straight,여성,틴워싱 스트레이트핏 데님,070,104.5,40,49,31.3,28.3,25.2,"허리·엉덩이 둘레÷2, 허벅지·밑단 너비"
에잇세컨즈,true,스트레이트,denim,straight,여성,틴워싱 스트레이트핏 데님,073,106,42,51,32.6,29.1,26.2,"허리·엉덩이 둘레÷2, 허벅지·밑단 너비"
에잇세컨즈,true,스트레이트,denim,straight,여성,베이직 스트레이트 데님,064,102.5,35,46.5,28.7,26.2,25.5,"허리·엉덩이 둘레÷2, 허벅지·밑단 너비"
에잇세컨즈,true,스트레이트,denim,straight,여성,베이직 스트레이트 데님,067,104,37,48.5,30,27,26,"허리·엉덩이 둘레÷2, 허벅지·밑단 너비"
에잇세컨즈,true,스트레이트,denim,straight,여성,베이직 스트레이트 데님,070,105.5,39,50.5,31.3,27.8,26.5,"허리·엉덩이 둘레÷2, 허벅지·밑단 너비"
에잇세컨즈,true,스트레이트,denim,straight,여성,베이직 스트레이트 데님,073,107,41,52.5,32.6,28.6,27,"허리·엉덩이 둘레÷2, 허벅지·밑단 너비"
에잇세컨즈,true,스트레이트,denim,straight,여성,베이직 스트레이트 데님,076,108.5,43.5,55,34.1,29.4,27.6,"허리·엉덩이 둘레÷2, 허벅지·밑단 너비"
탑텐,true,스트레이트,denim,straight,남성,남성) COOL 스트레이트 데님,S(29),102.2,39,48.25,29.55,24.7,19.1,탑텐 매핑 둘레÷2·총장=총기장·인심77.5
탑텐,true,스트레이트,denim,straight,남성,남성) COOL 스트레이트 데님,M(30),102.8,40.25,49.5,30.2,25.3,19.4,탑텐 매핑 둘레÷2·총장=총기장·인심77.5
탑텐,true,스트레이트,denim,straight,남성,남성) COOL 스트레이트 데님,M(31),103.4,41.5,50.75,30.85,25.9,19.7,탑텐 매핑 둘레÷2·총장=총기장·인심77.5
탑텐,true,스트레이트,denim,straight,남성,남성) COOL 스트레이트 데님,L(32),104,42.75,52,31.5,26.5,20,탑텐 매핑 둘레÷2·총장=총기장·인심77.5
탑텐,true,스트레이트,denim,straight,남성,남성) COOL 스트레이트 데님,L(33),104.6,44,53.25,32.15,27.1,20.3,탑텐 매핑 둘레÷2·총장=총기장·인심77.5
탑텐,true,스트레이트,denim,straight,남성,남성) COOL 스트레이트 데님,XL(34),105.2,45.25,54.5,32.8,27.7,20.6,탑텐 매핑 둘레÷2·총장=총기장·인심77.5
탑텐,true,스트레이트,denim,straight,남성,남성) COOL 스트레이트 데님,XXL(36),106.4,47.75,57,34.1,28.9,21.2,탑텐 매핑 둘레÷2·총장=총기장·인심77.5
탑텐,true,스트레이트,denim,straight,남성,남성) COOL 스트레이트 데님,3XL(38),107.6,50.25,59.5,35.4,30.1,21.8,탑텐 매핑 둘레÷2·총장=총기장·인심77.5
탑텐,true,테이퍼드,denim,tapered,남성,남성) COOL 테이퍼드 데님,S(29),97.2,39.25,49.75,30.8,25.7,17.85,탑텐 매핑 둘레÷2·총장=총기장·인심73
탑텐,true,테이퍼드,denim,tapered,남성,남성) COOL 테이퍼드 데님,M(30),97.8,40.5,51,31.45,26.3,18.15,탑텐 매핑 둘레÷2·총장=총기장·인심73
탑텐,true,테이퍼드,denim,tapered,남성,남성) COOL 테이퍼드 데님,M(31),98.4,41.75,52.25,32.1,26.9,18.45,탑텐 매핑 둘레÷2·총장=총기장·인심73
탑텐,true,테이퍼드,denim,tapered,남성,남성) COOL 테이퍼드 데님,L(32),99,43,53.5,32.75,27.5,18.75,탑텐 매핑 둘레÷2·총장=총기장·인심73
탑텐,true,테이퍼드,denim,tapered,남성,남성) COOL 테이퍼드 데님,L(33),99.6,44.25,54.75,33.4,28.1,19.05,탑텐 매핑 둘레÷2·총장=총기장·인심73
탑텐,true,테이퍼드,denim,tapered,남성,남성) COOL 테이퍼드 데님,XL(34),100.2,45.5,56,34.05,28.7,19.35,탑텐 매핑 둘레÷2·총장=총기장·인심73
탑텐,true,테이퍼드,denim,tapered,남성,남성) COOL 테이퍼드 데님,XXL(36),101.4,48,58.5,35.35,29.9,19.95,탑텐 매핑 둘레÷2·총장=총기장·인심73
탑텐,true,와이드,denim,wide,남성,남성) COOL 와이드 데님,S(28),102.6,38,49,31.4,28.1,22.8,탑텐 매핑 둘레÷2·총장=총기장·인심76
탑텐,true,와이드,denim,wide,남성,남성) COOL 와이드 데님,S(29),103.2,39.25,50.25,32.05,28.7,23.1,탑텐 매핑 둘레÷2·총장=총기장·인심76
탑텐,true,와이드,denim,wide,남성,남성) COOL 와이드 데님,M(30),103.8,40.5,51.5,32.7,29.3,23.4,탑텐 매핑 둘레÷2·총장=총기장·인심76
탑텐,true,와이드,denim,wide,남성,남성) COOL 와이드 데님,M(31),104.4,41.75,52.75,33.35,29.9,23.7,탑텐 매핑 둘레÷2·총장=총기장·인심76
탑텐,true,와이드,denim,wide,남성,남성) COOL 와이드 데님,L(32),105,43,54,34,30.5,24,탑텐 매핑 둘레÷2·총장=총기장·인심76
탑텐,true,와이드,denim,wide,남성,남성) COOL 와이드 데님,L(33),105.6,44.25,55.25,34.65,31.1,24.3,탑텐 매핑 둘레÷2·총장=총기장·인심76
탑텐,true,와이드,denim,wide,남성,남성) COOL 와이드 데님,XL(34),106.2,45.5,56.5,35.3,31.7,24.6,탑텐 매핑 둘레÷2·총장=총기장·인심76
탑텐,true,와이드,denim,wide,남성,남성) COOL 와이드 데님,XXL(36),107.4,48,59,36.6,32.9,25.2,탑텐 매핑 둘레÷2·총장=총기장·인심76
탑텐,true,와이드,denim,wide,남성,남성) COOL 와이드 데님,3XL(38),108.6,50.5,61.5,37.9,34.1,25.8,탑텐 매핑 둘레÷2·총장=총기장·인심76
탑텐,true,테이퍼드,slacks,tapered,남성,남성) 컴포트 COOL 테이퍼드 이지 슬랙스,S(29),98.2,37.25,48.75,31.8,26.2,18.1,탑텐 매핑 둘레÷2·총장=총기장·인심74
탑텐,true,테이퍼드,slacks,tapered,남성,남성) 컴포트 COOL 테이퍼드 이지 슬랙스,M(30),98.8,38.5,50,32.45,26.8,18.4,탑텐 매핑 둘레÷2·총장=총기장·인심74
탑텐,true,테이퍼드,slacks,tapered,남성,남성) 컴포트 COOL 테이퍼드 이지 슬랙스,M(31),99.4,39.75,51.25,33.1,27.4,18.7,탑텐 매핑 둘레÷2·총장=총기장·인심74
탑텐,true,테이퍼드,slacks,tapered,남성,남성) 컴포트 COOL 테이퍼드 이지 슬랙스,L(32),100,41,52.5,33.75,28,19,탑텐 매핑 둘레÷2·총장=총기장·인심74
탑텐,true,테이퍼드,slacks,tapered,남성,남성) 컴포트 COOL 테이퍼드 이지 슬랙스,L(33),100.6,42.25,53.75,34.4,28.6,19.3,탑텐 매핑 둘레÷2·총장=총기장·인심74
탑텐,true,테이퍼드,slacks,tapered,남성,남성) 컴포트 COOL 테이퍼드 이지 슬랙스,XL(34),101.2,43.5,55,35.05,29.2,19.6,탑텐 매핑 둘레÷2·총장=총기장·인심74
탑텐,true,테이퍼드,slacks,tapered,남성,남성) 컴포트 COOL 테이퍼드 이지 슬랙스,XXL(36),102.4,46,57.5,36.35,30.4,20.2,탑텐 매핑 둘레÷2·총장=총기장·인심74
탑텐,true,테이퍼드,slacks,tapered,남성,남성) 컴포트 COOL 테이퍼드 이지 슬랙스,3XL(38),103.6,48.5,60,37.65,31.6,20.8,탑텐 매핑 둘레÷2·총장=총기장·인심74
탑텐,true,테이퍼드,slacks,tapered,남성,남성) 컴포트 COOL 테이퍼드 이지 슬랙스,4XL(40),104.8,51,62.5,38.95,32.8,21.4,탑텐 매핑 둘레÷2·총장=총기장·인심74
탑텐,true,크링클,other,wide,남성,남성) 크링클 와이드 팬츠,S(520),99.6,34,49.5,33.25,27.6,24.55,탑텐 매핑 둘레÷2·총장=총기장
탑텐,true,크링클,other,wide,남성,남성) 크링클 와이드 팬츠,M(530),100.8,36.5,52,34.5,28.8,25.15,탑텐 매핑 둘레÷2·총장=총기장
탑텐,true,크링클,other,wide,남성,남성) 크링클 와이드 팬츠,L(540),102,39,54.5,35.75,30,25.75,탑텐 매핑 둘레÷2·총장=총기장
탑텐,true,크링클,other,wide,남성,남성) 크링클 와이드 팬츠,XL(550),103.2,41.5,57,37,31.2,26.35,탑텐 매핑 둘레÷2·총장=총기장
탑텐,true,크링클,other,wide,남성,남성) 크링클 와이드 팬츠,XXL(560),104.4,45,60.5,38.75,32.4,27.1,탑텐 매핑 둘레÷2·총장=총기장
탑텐,true,크링클,other,wide,남성,남성) 크링클 와이드 팬츠,3XL(570),105.6,48.5,64,40.5,33.6,27.85,탑텐 매핑 둘레÷2·총장=총기장
탑텐,true,슬림,slacks,slim,남성,남성) 컴포트 슬림 슬랙스,M(30),98.8,40,49,30.45,25.8,18.4,탑텐 매핑 둘레÷2·총장=총기장·인심73.5
탑텐,true,슬림,slacks,slim,남성,남성) 컴포트 슬림 슬랙스,M(31),99.4,41.25,50.25,31.1,26.4,18.7,탑텐 매핑 둘레÷2·총장=총기장·인심73.5
탑텐,true,슬림,slacks,slim,남성,남성) 컴포트 슬림 슬랙스,L(32),100,42.5,51.5,31.75,27,19,탑텐 매핑 둘레÷2·총장=총기장·인심73.5
탑텐,true,슬림,slacks,slim,남성,남성) 컴포트 슬림 슬랙스,L(33),100.6,43.75,52.75,32.4,27.6,19.3,탑텐 매핑 둘레÷2·총장=총기장·인심73.5
탑텐,true,슬림,slacks,slim,남성,남성) 컴포트 슬림 슬랙스,XL(34),101.2,45,54,33.05,28.2,19.6,탑텐 매핑 둘레÷2·총장=총기장·인심73.5
탑텐,true,슬림,slacks,slim,남성,남성) 컴포트 슬림 슬랙스,XXL(36),102.4,47.5,56.5,34.35,29.4,20.2,탑텐 매핑 둘레÷2·총장=총기장·인심73.5
탑텐,true,슬림,slacks,slim,남성,남성) 컴포트 슬림 슬랙스,3XL(38),103.6,50,59,35.65,30.6,20.8,탑텐 매핑 둘레÷2·총장=총기장·인심73.5
탑텐,true,슬림,slacks,slim,남성,남성) 컴포트 슬림 슬랙스,3XL(39),104.2,51.25,60.25,36.3,31.2,21.1,탑텐 매핑 둘레÷2·총장=총기장·인심73.5
탑텐,true,와이드,other,wide,남성,남성) 파라수트 와이드 팬츠,S(520),101.6,37,53,34.9,29.6,21.8,탑텐 매핑 둘레÷2·총장=총기장·인심75
탑텐,true,와이드,other,wide,남성,남성) 파라수트 와이드 팬츠,M(530),102.8,39.5,55.5,36.2,30.8,22.4,탑텐 매핑 둘레÷2·총장=총기장·인심75
탑텐,true,와이드,other,wide,남성,남성) 파라수트 와이드 팬츠,L(540),104,42,58,37.5,32,23,탑텐 매핑 둘레÷2·총장=총기장·인심75
탑텐,true,와이드,other,wide,남성,남성) 파라수트 와이드 팬츠,XL(550),105.2,44.5,60.5,38.8,33.2,23.6,탑텐 매핑 둘레÷2·총장=총기장·인심75
탑텐,true,와이드,other,wide,남성,남성) 파라수트 와이드 팬츠,XXL(560),106.4,47,63,40.1,34.4,24.2,탑텐 매핑 둘레÷2·총장=총기장·인심75
탑텐,true,와이드,other,wide,남성,남성) 파라수트 와이드 팬츠,3XL(570),107.6,49.5,65.5,41.4,35.6,24.8,탑텐 매핑 둘레÷2·총장=총기장·인심75
탑텐,true,레귤러,chino,straight,남성,남성) 레귤러 치노 팬츠,M(30),100.8,40.5,51,32.2,26.8,19.9,탑텐 매핑 둘레÷2·총장=총기장·인심77
탑텐,true,레귤러,chino,straight,남성,남성) 레귤러 치노 팬츠,L(32),102,43,53.5,33.5,28,20.5,탑텐 매핑 둘레÷2·총장=총기장·인심77
탑텐,true,레귤러,chino,straight,남성,남성) 레귤러 치노 팬츠,XL(34),103.2,45.5,56,34.8,29.2,21.1,탑텐 매핑 둘레÷2·총장=총기장·인심77
탑텐,true,레귤러,chino,straight,남성,남성) 레귤러 치노 팬츠,XXL(36),104.4,48,58.5,36.1,30.4,21.7,탑텐 매핑 둘레÷2·총장=총기장·인심77
탑텐,true,레귤러,chino,straight,남성,남성) 레귤러 치노 팬츠,3XL(38),105.6,50.5,61,37.4,31.6,22.3,탑텐 매핑 둘레÷2·총장=총기장·인심77
탑텐,true,와이드,other,wide,여성,여성) COOL 리넨블렌드 와이드 팬츠,XXS(600),96.8,32.5,48,31.7,27.8,28,탑텐 매핑 둘레÷2·총장=총기장·인심70
탑텐,true,와이드,other,wide,여성,여성) COOL 리넨블렌드 와이드 팬츠,XS(610),97.4,33.75,49.25,32.35,28.4,28.5,탑텐 매핑 둘레÷2·총장=총기장·인심70
탑텐,true,와이드,other,wide,여성,여성) COOL 리넨블렌드 와이드 팬츠,S(620),98,35,50.5,33,29,29,탑텐 매핑 둘레÷2·총장=총기장·인심70
탑텐,true,와이드,other,wide,여성,여성) COOL 리넨블렌드 와이드 팬츠,M(630),99.2,37.5,53,34.3,30.2,30,탑텐 매핑 둘레÷2·총장=총기장·인심70
탑텐,true,와이드,other,wide,여성,여성) COOL 리넨블렌드 와이드 팬츠,L(640),100.4,40,55.5,35.6,31.4,31,탑텐 매핑 둘레÷2·총장=총기장·인심70
탑텐,true,와이드,other,wide,여성,여성) COOL 리넨블렌드 와이드 팬츠,XL(650),101.6,42.5,58,36.9,32.6,32.3,탑텐 매핑 둘레÷2·총장=총기장·인심70
탑텐,true,와이드,other,wide,여성,여성) COOL 리넨블렌드 와이드 팬츠,XXL(660),102.8,45,60.5,38.2,33.8,33.6,탑텐 매핑 둘레÷2·총장=총기장·인심70
탑텐,true,와이드,other,wide,여성,여성) COOL 와이드 팬츠,XXS(600),96.8,32.5,48,31.7,27.8,28,탑텐 매핑 둘레÷2·총장=총기장·인심70
탑텐,true,와이드,other,wide,여성,여성) COOL 와이드 팬츠,XS(610),97.4,33.75,49.25,32.35,28.4,28.5,탑텐 매핑 둘레÷2·총장=총기장·인심70
탑텐,true,와이드,other,wide,여성,여성) COOL 와이드 팬츠,S(620),98,35,50.5,33,29,29,탑텐 매핑 둘레÷2·총장=총기장·인심70
탑텐,true,와이드,other,wide,여성,여성) COOL 와이드 팬츠,M(630),99.2,37.5,53,34.3,30.2,30,탑텐 매핑 둘레÷2·총장=총기장·인심70
탑텐,true,와이드,other,wide,여성,여성) COOL 와이드 팬츠,L(640),100.4,40,55.5,35.6,31.4,31,탑텐 매핑 둘레÷2·총장=총기장·인심70
탑텐,true,와이드,other,wide,여성,여성) COOL 와이드 팬츠,XL(650),101.6,42.5,58,36.9,32.6,32.3,탑텐 매핑 둘레÷2·총장=총기장·인심70
탑텐,true,와이드,other,wide,여성,여성) COOL 와이드 팬츠,XXL(660),102.8,45,60.5,38.2,33.8,33.6,탑텐 매핑 둘레÷2·총장=총기장·인심70
탑텐,true,슬림,slacks,slim,여성,여성) 컴포트 슬림 슬랙스,XS(25),95.4,34.25,46,29.1,27.4,18.2,탑텐 매핑 둘레÷2·총장=총기장·인심68.5
탑텐,true,슬림,slacks,slim,여성,여성) 컴포트 슬림 슬랙스,S(26),96,35.5,47.25,29.75,28,18.5,탑텐 매핑 둘레÷2·총장=총기장·인심68.5
탑텐,true,슬림,slacks,slim,여성,여성) 컴포트 슬림 슬랙스,M(27),96.6,36.75,48.5,30.4,28.6,18.8,탑텐 매핑 둘레÷2·총장=총기장·인심68.5
탑텐,true,슬림,slacks,slim,여성,여성) 컴포트 슬림 슬랙스,M(28),97.2,38,49.75,31.05,29.2,19.1,탑텐 매핑 둘레÷2·총장=총기장·인심68.5
탑텐,true,슬림,slacks,slim,여성,여성) 컴포트 슬림 슬랙스,L(29),97.8,39.25,51,31.7,29.8,19.4,탑텐 매핑 둘레÷2·총장=총기장·인심68.5
탑텐,true,슬림,slacks,slim,여성,여성) 컴포트 슬림 슬랙스,L(30),98.4,40.5,52.25,32.35,30.4,19.7,탑텐 매핑 둘레÷2·총장=총기장·인심68.5
탑텐,true,슬림,slacks,slim,여성,여성) 컴포트 슬림 슬랙스,XL(32),99.6,43,54.75,33.65,31.6,20.3,탑텐 매핑 둘레÷2·총장=총기장·인심68.5
탑텐,true,슬림,slacks,slim,여성,여성) 컴포트 슬림 슬랙스,XXL(34),100.8,45.5,57.25,34.95,32.8,20.9,탑텐 매핑 둘레÷2·총장=총기장·인심68.5
탑텐,true,크링클,other,wide,여성,여성) 크링클 이지 팬츠,XS(610),99.4,30.25,48.75,30.85,28.9,27,탑텐 매핑 둘레÷2·총장=총기장
탑텐,true,크링클,other,wide,여성,여성) 크링클 이지 팬츠,S(620),100,31.5,50,31.5,29.5,27.5,탑텐 매핑 둘레÷2·총장=총기장
탑텐,true,크링클,other,wide,여성,여성) 크링클 이지 팬츠,M(630),101.2,34,52.5,32.75,30.7,28.5,탑텐 매핑 둘레÷2·총장=총기장
탑텐,true,크링클,other,wide,여성,여성) 크링클 이지 팬츠,L(640),102.4,36.5,55,34,31.9,29.5,탑텐 매핑 둘레÷2·총장=총기장
탑텐,true,크링클,other,wide,여성,여성) 크링클 이지 팬츠,XL(650),103.6,39,57.5,35.25,33.1,30.5,탑텐 매핑 둘레÷2·총장=총기장
탑텐,true,크링클,other,wide,여성,여성) 크링클 이지 팬츠,XXL(660),104.8,41.5,60,36.5,34.3,31.5,탑텐 매핑 둘레÷2·총장=총기장
탑텐,true,크링클,other,wide,여성,여성) 크링클 이지 팬츠,3XL(670),106,45,63.5,38.25,35.5,32.75,탑텐 매핑 둘레÷2·총장=총기장
탑텐,true,커브드,denim,slim,여성,여성) 커브드 데님,XXS(23),100.7,32.25,45.75,31.05,28.7,22,탑텐 매핑 둘레÷2·총장=총기장·인심72.5
탑텐,true,커브드,denim,slim,여성,여성) 커브드 데님,XS(24),101.3,33.5,47,31.7,29.3,22.5,탑텐 매핑 둘레÷2·총장=총기장·인심72.5
탑텐,true,커브드,denim,slim,여성,여성) 커브드 데님,XS(25),101.9,34.75,48.25,32.35,29.9,23,탑텐 매핑 둘레÷2·총장=총기장·인심72.5
탑텐,true,커브드,denim,slim,여성,여성) 커브드 데님,S(26),102.5,36,49.5,33,30.5,23.5,탑텐 매핑 둘레÷2·총장=총기장·인심72.5
탑텐,true,커브드,denim,slim,여성,여성) 커브드 데님,M(27),103.1,37.25,50.75,33.65,31.1,24,탑텐 매핑 둘레÷2·총장=총기장·인심72.5
탑텐,true,커브드,denim,slim,여성,여성) 커브드 데님,M(28),103.7,38.5,52,34.3,31.7,24.5,탑텐 매핑 둘레÷2·총장=총기장·인심72.5
탑텐,true,커브드,denim,slim,여성,여성) 커브드 데님,L(29),104.3,39.75,53.25,34.95,32.3,25,탑텐 매핑 둘레÷2·총장=총기장·인심72.5
탑텐,true,커브드,denim,slim,여성,여성) 커브드 데님,L(30),104.9,41,54.5,35.6,32.9,25.5,탑텐 매핑 둘레÷2·총장=총기장·인심72.5
탑텐,true,커브드,denim,slim,여성,여성) 커브드 데님,XL(31),105.5,42.25,55.75,36.25,33.5,26,탑텐 매핑 둘레÷2·총장=총기장·인심72.5
탑텐,true,커브드,denim,slim,여성,여성) 커브드 데님,XL(32),106.1,43.5,57,36.9,34.1,26.5,탑텐 매핑 둘레÷2·총장=총기장·인심72.5
탑텐,true,커브드,denim,slim,여성,여성) 커브드 데님,XXL(33),106.7,44.75,58.25,37.55,34.7,27,탑텐 매핑 둘레÷2·총장=총기장·인심72.5
탑텐,true,슬림,denim,slim,여성,여성) COOL 슬림 스트레이트 데님,XS(24),93.3,32,41.25,25.2,25.3,16.4,탑텐 매핑 둘레÷2·총장=총기장·인심69
탑텐,true,슬림,denim,slim,여성,여성) COOL 슬림 스트레이트 데님,XS(25),93.9,33.25,42.5,25.85,25.9,16.7,탑텐 매핑 둘레÷2·총장=총기장·인심69
탑텐,true,슬림,denim,slim,여성,여성) COOL 슬림 스트레이트 데님,S(26),94.5,34.5,43.75,26.5,26.5,17,탑텐 매핑 둘레÷2·총장=총기장·인심69
탑텐,true,슬림,denim,slim,여성,여성) COOL 슬림 스트레이트 데님,M(27),95.1,35.75,45,27.15,27.1,17.3,탑텐 매핑 둘레÷2·총장=총기장·인심69
탑텐,true,슬림,denim,slim,여성,여성) COOL 슬림 스트레이트 데님,M(28),95.7,37,46.25,27.8,27.7,17.6,탑텐 매핑 둘레÷2·총장=총기장·인심69
탑텐,true,슬림,denim,slim,여성,여성) COOL 슬림 스트레이트 데님,L(29),96.3,38.25,47.5,28.45,28.3,17.9,탑텐 매핑 둘레÷2·총장=총기장·인심69
탑텐,true,슬림,denim,slim,여성,여성) COOL 슬림 스트레이트 데님,L(30),96.9,39.5,48.75,29.1,28.9,18.2,탑텐 매핑 둘레÷2·총장=총기장·인심69
탑텐,true,슬림,denim,slim,여성,여성) COOL 슬림 스트레이트 데님,XL(31),97.5,40.75,50,29.75,29.5,18.5,탑텐 매핑 둘레÷2·총장=총기장·인심69
탑텐,true,슬림,denim,slim,여성,여성) COOL 슬림 스트레이트 데님,XL(32),98.1,42,51.25,30.4,30.1,18.8,탑텐 매핑 둘레÷2·총장=총기장·인심69
탑텐,true,와이드,slacks,wide,여성,여성) 컴포트 와이드 이지 슬랙스,XS(25),99.4,33.25,46.75,30.6,27.4,26,탑텐 매핑 둘레÷2·총장=총기장·인심72.5
탑텐,true,와이드,slacks,wide,여성,여성) 컴포트 와이드 이지 슬랙스,S(26),100,34.5,48,31.25,28,26.5,탑텐 매핑 둘레÷2·총장=총기장·인심72.5
탑텐,true,와이드,slacks,wide,여성,여성) 컴포트 와이드 이지 슬랙스,M(27),100.6,35.75,49.25,31.9,28.6,27,탑텐 매핑 둘레÷2·총장=총기장·인심72.5
탑텐,true,와이드,slacks,wide,여성,여성) 컴포트 와이드 이지 슬랙스,M(28),101.2,37,50.5,32.55,29.2,27.5,탑텐 매핑 둘레÷2·총장=총기장·인심72.5
탑텐,true,와이드,slacks,wide,여성,여성) 컴포트 와이드 이지 슬랙스,L(29),101.8,38.25,51.75,33.2,29.8,28,탑텐 매핑 둘레÷2·총장=총기장·인심72.5
탑텐,true,와이드,slacks,wide,여성,여성) 컴포트 와이드 이지 슬랙스,L(30),102.4,39.5,53,33.85,30.4,28.5,탑텐 매핑 둘레÷2·총장=총기장·인심72.5
탑텐,true,와이드,slacks,wide,여성,여성) 컴포트 와이드 이지 슬랙스,XL(31),103,40.75,54.25,34.5,31,29,탑텐 매핑 둘레÷2·총장=총기장·인심72.5
탑텐,true,와이드,slacks,wide,여성,여성) 컴포트 와이드 이지 슬랙스,XL(32),103.6,42,55.5,35.15,31.6,29.5,탑텐 매핑 둘레÷2·총장=총기장·인심72.5
